"","Price","Fuel","Engine","Horsepower","Power_Nm","Acceleration","Consumption","CO2","Autonomy_klm","Taxation","Air_condition","Clima","Back_electric_windows","Heated_mirrors"
"1",43500," Gasoline",1995,200,330,6.6,5.9,138,881,166,"NO","YES","YES","YES"
"2",46500," Gasoline",1995,200,330,6.6,5.9,138,881,166,"NO","YES","YES","YES"
"3",56000," Gasoline",1995,280,400,5.2,6.4,148,812,274,"NO","YES","YES","YES"
"4",48000," Diesel",2143,190,380,7.2,4.2,109,1238,107,"NO","YES","YES","YES"
"5",57500," Diesel",2143,510,470,6.8,4.7,122,1106,146,"NO","YES","YES","YES"
"6",17450," Gasoline",1368,120,206,9.4,6.4,149,938,276,"NO","YES","YES","YES"
"7",18950," Gasoline",1368,120,206,9.4,6.4,149,938,276,"NO","YES","YES","YES"
"8",20450," Gasoline",1368,120,206,9.4,6.4,149,938,276,"NO","YES","YES","YES"
"9",19250," Diesel",1598,120,320,10,3.8,99,1579,89,"NO","YES","YES","YES"
"10",21250," Diesel",1598,120,320,10,3.8,99,1579,89,"NO","YES","YES","YES"
"11",26900," Diesel",1956,170,350,7.9,4.5,119,1333,117,"NO","YES","YES","YES"
"12",57000," Gasoline",1995,200,330,7.2,7,161,914,394,"NO","YES","YES","YES"
"13",60000," Gasoline",1995,200,330,7.2,7,161,914,394,"NO","YES","YES","YES"
"14",69000," Gasoline",1995,280,400,5.7,7,161,914,394,"NO","YES","YES","YES"
"17",67000," Diesel",2143,210,470,6.6,5.5,127,1164,152,"NO","YES","YES","YES"
"19",25410," Gasoline",1498,150,250,8.2,6.2,120,645,118,"NO","YES","YES","YES"
"20",27490," Gasoline",1498,150,250,8.2,6.4,120,625,118,"NO","YES","YES","YES"
"21",19950," Gasoline",999,95,175,10.8,4.6,104,870,102,"YES","NO","YES","YES"
"22",22200," Gasoline",999,116,200,9.5,4.8,108,833,106,"YES","NO","YES","YES"
"24",26680," Gasoline",1498,150,250,7.7,5,115,800,113,"YES","NO","YES","YES"
"25",33230," Gasoline",1984,200,320,6.5,6,136,667,163,"NO","YES","YES","YES"
"26",31820," Gasoline",1395,115,200,10.6,5.3,122,943,146,"YES","NO","YES","YES"
"27",35650," Gasoline",1498,150,250,8.9,5.2,118,962,116,"YES","NO","YES","YES"
"28",24250," Gasoline",999,115,200,9.9,4.4,105,1136,103,"YES","NO","YES","YES"
"29",26540," Gasoline",999,115,200,9.9,4.4,105,1136,103,"YES","NO","YES","YES"
"30",27860," Gasoline",1498,150,250,8.2,5,115,1000,113,"YES","NO","YES","YES"
"31",22430," Diesel",1598,110,250,10.7,3.8,99,1316,89,"NO","YES","YES","YES"
"44",22400," Gasoline",999,115,200,9.9,4.5,104,1111,102,"YES","NO","YES","YES"
"45",25090," Gasoline",999,115,200,9.9,4.5,104,1111,102,"YES","NO","YES","YES"
"51",27900," Diesel",1598,110,250,10.9,3.8,99,1316,89,"NO","YES","YES","YES"
"53",31940," Diesel",1598,110,250,10.9,3.8,102,1316,100,"NO","YES","YES","YES"
"54",34850," Gasoline",1395,150,250,8.7,5.2,123,1038,148,"NO","YES","YES","YES"
"55",36820," Gasoline",1395,150,250,8.5,5.1,119,1059,117,"NO","YES","YES","YES"
"56",43090," Diesel",1968,150,320,8.9,3.8,99,1421,89,"NO","YES","YES","YES"
"57",46200," Diesel",1968,150,320,8.7,4.1,104,1317,102,"NO","YES","YES","YES"
"58",46310," Diesel",1968,190,400,7.7,4.3,111,1256,109,"NO","YES","YES","YES"
"59",48970," Diesel",1968,190,400,7.7,4.1,107,1317,105,"NO","YES","YES","YES"
"60",51830," Diesel",1968,190,400,7.2,4.4,114,1227,112,"NO","YES","YES","YES"
"61",36700," Diesel",1984,122,320,10.5,3.7,98,1459,88,"NO","YES","YES","YES"
"62",51680," Diesel",1968,190,400,7.8,4.9,128,1184,154,"NO","YES","YES","YES"
"63",58600," Gasoline",1984,252,370,6.1,6.4,148,906,274,"NO","YES","YES","YES"
"64",46610," Gasoline",1395,150,250,8.7,5.5,125,982,150,"NO","YES","YES","YES"
"65",44130," Gasoline",1984,190,320,7.2,5.9,130,915,156,"NO","YES","YES","YES"
"66",56860," Gasoline",1984,252,370,5.8,6.3,141,857,261,"NO","YES","YES","YES"
"67",87610," Diesel Mild-Hybird",2967,286,620,5.7,5.5,147,1145,272,"NO","YES","YES","YES"
"68",90940," Mild-Hybird",2995,340,500,5.3,6.8,157,926,290,"NO","YES","YES","YES"
"69",107060," Diesel Mild-Hybird",2967,286,600,5.9,5.6,145,1286,268,"NO","YES","YES","YES"
"74",25030," Gasoline",999,116,200,10.1,5.1,117,980,115,"YES","NO","YES","YES"
"75",27080," Gasoline",999,116,200,10.3,5.1,117,980,115,"YES","NO","YES","YES"
"76",27980," Gasoline",1395,150,250,8.5,5.5,124,909,149,"YES","NO","YES","YES"
"77",27680," Diesel",1598,116,250,10.3,4.4,114,1136,112,"YES","NO","YES","YES"
"78",36270," Diesel",1968,150,340,8.1,4.8,125,1042,150,"YES","NO","YES","YES"
"79",40740," Diesel",1968,190,400,7.3,4.8,125,1042,150,"YES","NO","YES","YES"
"90",58150," Diesel",1968,163,320,9.7,4.5,117,1556,115,"NO","YES","YES","YES"
"91",61130," Diesel",1968,163,320,9.7,4.5,117,1556,115,"NO","YES","YES","YES"
"92",61130," Diesel",1968,163,320,9.7,4.5,117,1556,115,"NO","YES","YES","YES"
"93",61260," Diesel",1968,190,400,7.9,4.9,129,1429,155,"NO","YES","YES","YES"
"94",62640," Diesel",1968,190,400,7.9,4.9,129,1429,155,"NO","YES","YES","YES"
"95",62640," Diesel",1968,190,400,7.9,4.9,129,1429,155,"NO","YES","YES","YES"
"96",61250," Gasoline",1984,245,370,6.3,6.8,157,1029,290,"NO","YES","YES","YES"
"97",62480," Gasoline",1984,245,370,6.3,6.8,157,1029,290,"NO","YES","YES","YES"
"98",62480," Gasoline",1984,245,370,6.3,6.8,157,1029,290,"NO","YES","YES","YES"
"99",93740," Diesel",2967,240,550,7.9,7.4,195,1351,542,"NO","YES","YES","YES"
"100",186650," Gasoline",4163,420,430,4.6,14.6,349,514,1298,"NO","YES","NO","YES"
"101",193700," Gasoline",4163,420,430,4.6,13.6,325,551,1209,"NO","YES","NO","YES"
"102",232550," Gasoline",5204,525,530,3.9,14.7,351,612,1306,"NO","YES","NO","YES"
"103",257650," Gasoline",5204,525,530,4.1,14.9,356,537,1324,"NO","YES","NO","YES"
"104",49010," Gasoline",1984,300,380,5.3,7,162,786,397,"NO","NO","NO","NO"
"105",48840," Gasoline",1984,300,380,5.3,7,162,786,397,"NO","YES","YES","YES"
"106",85260," Gasoline",2995,333,440,5.1,9.7,225,660,686,"NO","YES","YES","YES"
"107",74840," Gasoline",4163,354,440,5.1,12.4,298,524,1109,"NO","YES","NO","YES"
"108",45100," Diesel",1968,184,280,7.1,4.2,110,1190,108,"NO","YES","NO","YES"
"109",44900," Gasoline",1984,230,370,6,5.9,137,847,164,"NO","YES","NO","YES"
"113",34880," Diesel",1496,116,270,11.1,4.1,109,1488,107,"NO","YES","YES","YES"
"114",31645," Gasoline",1499,136,220,9.7,5.3,124,1151,149,"NO","YES","YES","YES"
"115",48150," Hybrid-Plug-in",1499,220,385,6.9,1.9,43,1895,0,"NO","YES","YES","YES"
"116",39250," Diesel",1995,143,320,9.2,4.3,128,1419,154,"NO","YES","YES","YES"
"117",46400," Diesel",1995,184,380,7.8,4.9,129,1245,155,"NO","YES","YES","YES"
"118",50100," Diesel",1995,190,400,7.6,4.9,128,1245,154,"NO","YES","YES","YES"
"119",53050," Diesel",1995,231,450,6.6,5,132,1220,158,"NO","YES","YES","YES"
"120",40700," Gasoline",1998,192,280,7.7,5.9,136,1034,163,"NO","YES","YES","YES"
"121",44350," Gasoline",1998,192,280,7.4,6.3,146,968,270,"NO","YES","YES","YES"
"122",33630," Gasoline",1499,140,220,9.6,5.6,129,911,155,"NO","YES","YES","YES"
"123",41350," Diesel",1995,150,350,9.3,4.5,119,1133,117,"NO","YES","YES","YES"
"124",45300," Diesel",1995,150,350,9.2,4.9,128,1041,154,"NO","YES","YES","YES"
"125",52200," Diesel",1995,190,400,7.7,4.6,121,1109,145,"NO","YES","YES","YES"
"126",53350," Gasoline",1995,231,450,6.7,5.1,133,1000,160,"NO","YES","YES","YES"
"127",42800," Gasoline",1998,192,280,7.7,5.5,126,927,151,"NO","YES","YES","YES"
"128",46500," Diesel",1998,192,280,7.4,6.1,138,836,166,"NO","YES","YES","YES"
"130",49983," Diesel",1995,143,360,9.9,5.1,135,1314,162,"NO","YES","YES","YES"
"131",56667," Diesel",1995,184,380,8.5,5.6,149,1196,276,"NO","YES","YES","YES"
"132",54808," Gasoline",1997,184,270,8.2,6.7,156,1000,289,"NO","YES","YES","YES"
"133",56585," Gasoline",1997,184,270,8.3,7.9,184,848,512,"NO","YES","YES","YES"
"134",71080," Gasoline",2979,306,400,5.7,8.8,204,761,622,"NO","YES","YES","YES"
"135",67617," Diesel",2993,258,560,6.2,6,159,1117,294,"NO","YES","YES","YES"
"136",64106," Gasoline",2996,258,310,6.9,9,210,744,641,"NO","YES","YES","YES"
"138",63566," Gasoline",1997,184,270,8.1,7.3,168,918,412,"NO","YES","YES","YES"
"142",96500," Diesel",2993,265,620,6.5,6,158,1333,292,"NO","YES","YES","YES"
"143",131400," Diesel",2993,400,760,5.2,6.8,179,1176,439,"NO","YES","YES","YES"
"144",102450," Gasoline",2998,340,450,5.5,8.5,193,941,537,"NO","YES","YES","YES"
"145",66350," Gasoline",1998,197,320,6.6,6,137,867,164,"NO","YES","NO","YES"
"146",91550," Gasoline",1998,258,400,5.4,6,137,867,164,"NO","YES","NO","YES"
"147",56300," Gasoline",2998,340,500,4.5,7.1,162,732,397,"NO","YES","NO","YES"
"148",26300," Diesel",1496,116,270,10.3,3.8,100,1105,90,"NO","YES","YES","YES"
"149",26125," Gasoline",1499,140,220,8.5,5,122,840,146,"NO","YES","YES","YES"
"150",33000," Diesel",1995,150,350,8.5,4.1,108,1024,106,"NO","YES","YES","YES"
"151",42650," Diesel",1995,190,400,7,4.5,117,933,115,"NO","YES","YES","YES"
"152",59300," Gasoline",1999,306,450,4.8,6.8,154,735,285,"NO","YES","YES","YES"
"153",27803," Gasoline",1499,136,220,8.8,5.1,119,1020,117,"NO","YES","NO","YES"
"154",36990," Diesel",1995,143,320,8.9,4.3,114,1209,112,"NO","YES","NO","YES"
"155",42059," Diesel",1995,184,380,7.2,4.5,119,1156,117,"NO","YES","NO","YES"
"156",33534," Gasoline",1997,184,270,7,6.1,142,852,263,"NO","YES","NO","YES"
"157",59645," Gasoline",2979,326,450,5,8.1,189,642,525,"NO","YES","NO","YES"
"159",32625," Diesel",1496,116,270,10.6,3.8,99,1342,89,"NO","YES","NO","YES"
"160",31167," Gasoline",1499,136,220,9.3,4.9,115,1041,113,"NO","YES","NO","YES"
"161",48150," Hybrid-Plug-in",1499,224,385,10.1,2.2,42,1636,0,"NO","YES","YES","YES"
"162",35111," Diesel",1995,150,330,8.9,3.8,109,1342,107,"NO","YES","NO","YES"
"163",31594," Gasoline",1998,192,280,7.5,5.9,137,864,164,"NO","YES","NO","YES"
"164",44364," Gasoline",1998,231,350,6.8,6,139,850,167,"NO","YES","NO","YES"
"165",46650," Diesel",1995,190,400,6.8,4.2,110,1405,108,"NO","YES","YES","YES"
"166",52720," Diesel",1995,190,400,6.9,4.5,118,1311,116,"NO","YES","YES","YES"
"167",49550," Gasoline",1998,258,400,5.8,5.8,132,1017,158,"NO","YES","YES","YES"
"168",52650," Hybrid-Plug-in",1998,292,420,5.9,1.6,37,2500,0,"NO","YES","YES","YES"
"169",47849," Diesel",1995,143,320,9.7,4.5,119,1267,117,"NO","YES","YES","YES"
"170",52726," Diesel",1995,184,380,8,4.9,129,1163,155,"NO","YES","YES","YES"
"171",46442," Gasoline",1997,184,270,7.9,6.6,153,864,283,"NO","YES","YES","YES"
"172",55015," Gasoline",1997,245,350,6.1,6.7,156,851,289,"NO","YES","YES","YES"
"173",74610," Gasoline",2979,306,400,5.7,8.1,188,704,523,"NO","YES","YES","YES"
"174",51070," Diesel",1995,150,320,8.6,4.2,110,1357,108,"NO","YES","NO","YES"
"175",54560," Diesel",1995,190,400,7.3,4.8,119,1188,117,"NO","YES","NO","YES"
"176",46876," Gasoline",1997,184,270,7.3,6.1,144,934,266,"NO","YES","NO","YES"
"177",120294," Gasoline",2979,431,550,4.3,8.8,204,682,622,"NO","YES","NO","YES"
"178",71546," Diesel",2993,258,560,5.5,4.9,129,1163,155,"NO","YES","NO","YES"
"179",69593," Diesel",1995,184,380,8.2,5.1,133,1118,160,"NO","YES","NO","YES"
"180",59556," Gasoline",1592,170,250,8.7,6.9,161,1014,394,"NO","YES","YES","YES"
"181",55103," Diesel",1995,143,360,9.7,4.5,119,1556,117,"NO","YES","YES","YES"
"182",58573," Diesel",1995,184,380,8.1,4.8,125,1458,150,"NO","YES","YES","YES"
"183",67988," Diesel",1995,218,450,7,5,132,1400,158,"NO","YES","YES","YES"
"184",58035," Gasoline",1997,184,270,7.9,6.8,157,1029,290,"NO","YES","YES","YES"
"185",66073," Gasoline",1997,245,350,6.2,6.6,159,1061,294,"NO","YES","YES","YES"
"186",71186," Gasoline",1997,245,350,6.5,7,162,1000,397,"NO","YES","YES","YES"
"187",78521," Gasoline",2979,340,450,5.9,6.4,149,1047,276,"NO","YES","YES","YES"
"188",80407," Gasoline",2979,306,400,5.8,8.1,188,864,523,"NO","YES","YES","YES"
"189",72390," Diesel",2993,258,540,6.1,5.7,149,1228,276,"NO","YES","YES","YES"
"190",118490," Diesel",2993,381,740,4.7,6.3,165,1111,404,"NO","YES","YES","YES"
"191",98142," Gasoline",4395,407,500,5,10.4,243,673,741,"NO","YES","YES","YES"
"192",154148," Gasoline",4395,560,680,4.3,9.9,232,808,708,"NO","YES","YES","YES"
"193",108091," Gasoline",2979,306,400,6.3,8.9,209,787,637,"NO","YES","YES","YES"
"194",103904," Diesel",2993,245,540,6.9,6.5,173,1077,424,"NO","YES","YES","YES"
"195",113513," Diesel",2993,300,600,6.1,6.7,175,1045,429,"NO","YES","YES","YES"
"196",136591," Gasoline",4395,407,600,5.5,11.2,263,625,978,"NO","YES","YES","YES"
"197",242907," Gasoline",4999,507,520,4.6,14.8,357,473,1328,"NO","YES","YES","YES"
"198",132124," Gasoline",2979,326,450,5.9,9.9,232,828,708,"NO","YES","YES","YES"
"199",125350," Diesel",2993,245,540,7.2,6.8,178,1176,436,"NO","YES","YES","YES"
"200",15173," Diesel",1560,75,185,17.1,5.7,113,1053,111,"YES","NO","NO","YES"
"201",16350," Diesel",1560,75,185,17.1,5.7,113,1053,111,"YES","NO","NO","YES"
"202",17067," Diesel",1560,100,215,14.3,5.7,113,1053,111,"YES","NO","NO","YES"
"203",10371," Gasoline",998,69,95,13,4.1,95,854,86,"YES","NO","NO","NO"
"204",10614," Gasoline",998,69,95,13,4.1,95,854,86,"YES","NO","NO","NO"
"205",10627," Gasoline",998,69,95,13,3.8,88,921,0,"YES","NO","NO","NO"
"206",10869," Gasoline",998,69,95,13,3.8,88,921,0,"YES","NO","NO","YES"
"207",10889," Gasoline",998,69,95,13,4.1,95,854,86,"YES","NO","NO","NO"
"208",11956," Gasoline",998,69,95,13,3.8,88,921,0,"NO","YES","NO","YES"
"209",11155," Gasoline",1199,82,116,10.9,4.3,99,814,89,"YES","NO","NO","YES"
"210",12114," Gasoline",1199,82,116,10.9,4.3,99,814,89,"NO","YES","NO","YES"
"211",13500," Gasoline",1199,82,118,13.2,4.2,97,1071,87,"YES","NO","NO","NO"
"212",14300," Gasoline",1199,82,118,13.2,4.2,97,1071,87,"NO","YES","YES","YES"
"213",14900," Gasoline",1199,82,118,13.2,4.2,97,1071,87,"NO","YES","YES","YES"
"214",15400," Gasoline",1199,110,205,9.4,4.4,100,1023,90,"NO","YES","YES","YES"
"215",16000," Gasoline",1199,110,205,9.4,4.4,100,1023,90,"NO","YES","YES","YES"
"216",17500," Gasoline",1199,110,205,9.4,4.4,100,1023,90,"NO","YES","YES","YES"
"217",15800," Diesel",1560,99,250,10.2,3.2,86,1312,0,"YES","NO","YES","NO"
"218",16400," Diesel",1560,99,250,10.2,3.2,86,1312,0,"NO","YES","YES","YES"
"219",17000," Diesel",1560,99,250,10.2,3.2,86,1312,0,"NO","YES","YES","YES"
"220",15300," Gasoline",1199,82,118,14,4.1,116,1098,114,"YES","NO","NO","NO"
"221",16000," Gasoline",1199,82,118,14,4.1,116,1098,114,"YES","NO","YES","YES"
"222",17480," Gasoline",1199,110,205,10.2,5,115,900,113,"YES","NO","YES","YES"
"223",18940," Gasoline",1199,131,230,9.3,5.3,119,849,117,"YES","NO","YES","YES"
"224",19400," Gasoline",1199,110,205,10.2,5,115,900,113,"NO","YES","YES","YES"
"225",20400," Gasoline",1199,131,230,9.3,5.3,119,849,117,"NO","YES","YES","YES"
"226",18490," Diesel",1560,99,254,11.5,4,104,1125,102,"YES","NO","NO","NO"
"227",19050," Diesel",1560,99,254,11.5,4,104,1125,102,"YES","NO","YES","YES"
"228",19750," Diesel",1560,120,300,9.8,4.1,107,1098,105,"YES","NO","YES","YES"
"229",20450," Diesel",1560,99,254,11.5,4,104,1125,102,"NO","YES","YES","YES"
"230",21150," Diesel",1560,120,300,9.8,4.1,107,1098,105,"NO","YES","YES","YES"
"231",14500," Gasoline",1199,82,118,12.9,4.6,107,1087,105,"YES","NO","YES","YES"
"232",15550," Gasoline",1199,82,118,12.9,4.6,107,1087,105,"NO","YES","YES","YES"
"233",16120," Gasoline",1199,82,118,12.9,4.6,107,1087,105,"NO","YES","YES","YES"
"234",16840," Gasoline",1199,110,205,9.3,4.7,107,1064,105,"YES","NO","YES","YES"
"235",17250," Gasoline",1199,110,205,9.3,4.7,107,1064,105,"NO","YES","YES","YES"
"236",19650," Gasoline",1199,131,230,9.1,4.8,110,1042,108,"NO","YES","YES","YES"
"237",19840," Gasoline",1199,110,205,9.3,4.7,107,1064,105,"NO","YES","YES","YES"
"238",22000," Gasoline",1199,131,230,9.1,4.8,110,1042,108,"NO","YES","YES","YES"
"241",20350," Diesel",1499,100,250,11.1,4,97,1125,87,"NO","YES","YES","YES"
"243",22550," Gasoline",1199,131,230,10.5,5.2,119,1019,117,"NO","YES","YES","YES"
"245",27000," Gasoline",1199,131,230,10.5,5.2,119,1019,117,"NO","YES","YES","YES"
"246",31050," Gasoline",1199,131,230,10.5,5.2,119,1019,117,"NO","YES","YES","YES"
"247",25000," Diesel",1499,131,300,10.4,4.1,106,1293,104,"NO","YES","YES","YES"
"248",26700," Diesel",1499,131,300,10.4,4.1,106,1293,104,"NO","YES","YES","YES"
"249",29750," Diesel",1499,131,300,10.4,4.1,106,1293,104,"NO","YES","YES","YES"
"250",29850," Diesel",1499,131,300,10.6,4,106,1325,104,"NO","YES","YES","YES"
"251",32150," Diesel",1499,131,300,10.6,4,106,1325,104,"NO","YES","YES","YES"
"252",32600," Diesel",1499,131,300,10.4,4.1,106,1293,104,"NO","YES","YES","YES"
"253",35000," Diesel",1499,131,300,10.6,4,106,1325,104,"NO","YES","YES","YES"
"254",30800," Gasoline",1598,181,250,8.2,5.7,129,930,155,"NO","YES","YES","YES"
"255",33100," Gasoline",1598,181,250,8.2,5.7,129,930,155,"NO","YES","YES","YES"
"256",35950," Gasoline",1598,181,250,8.2,5.7,129,930,155,"NO","YES","YES","YES"
"257",36750," Diesel",1997,178,400,8.6,4.7,124,1128,149,"NO","YES","YES","YES"
"258",42500," Diesel",1997,178,400,8.6,4.7,124,1128,149,"NO","YES","YES","YES"
"259",12194," Gasoline",1199,72,110,14.2,5.2,110,962,108,"YES","NO","YES","YES"
"260",14397," Diesel",1560,92,230,11.2,4.1,98,1220,88,"YES","NO","YES","YES"
"261",13580," Gasoline",999,100,160,12.5,6.1,138,820,166,"YES","NO","NO","NO"
"262",14180," LPG",999,100,160,12.5,4.5,128,1111,154,"YES","NO","NO","NO"
"263",15050," Gasoline",999,100,160,12.5,6.1,138,820,166,"YES","NO","YES","YES"
"264",15650," LPG",999,100,160,12.5,4.5,128,1111,154,"YES","NO","YES","YES"
"265",15850," Gasoline",999,100,160,12.5,6.1,138,820,166,"NO","YES","YES","YES"
"266",16450," LPG",999,100,160,12.5,4.5,128,1111,154,"NO","YES","YES","YES"
"267",16300," Gasoline",1333,130,240,11.1,6,138,833,166,"YES","NO","YES","YES"
"268",16990," Gasoline",1333,150,250,10.4,6,138,833,166,"YES","NO","YES","YES"
"269",17100," Gasoline",1333,130,240,11.1,6,138,833,166,"NO","YES","YES","YES"
"270",17340," Gasoline",1333,130,240,11.1,6.4,145,781,268,"YES","NO","YES","YES"
"271",18490," Gasoline",1333,150,250,10.4,6,138,833,166,"NO","YES","YES","YES"
"272",19440," Gasoline",1333,150,250,10.6,6.4,145,781,268,"YES","NO","YES","YES"
"273",19640," Gasoline",1333,130,240,11.1,6.4,145,781,268,"NO","YES","YES","YES"
"274",20440," Gasoline",1333,150,250,10.6,6.4,145,781,268,"NO","YES","YES","YES"
"275",17330," Diesel",1461,115,260,10.5,4.4,115,1136,113,"YES","NO","YES","YES"
"276",17490," Diesel",1461,115,260,10.4,4.7,123,1064,148,"YES","NO","NO","NO"
"277",19780," Diesel",1461,115,260,10.4,4.7,123,1064,148,"YES","NO","YES","YES"
"278",20580," Diesel",1461,115,260,10.5,4.4,115,1136,113,"NO","YES","YES","YES"
"279",14480," Gasoline",1598,115,156,11.9,6.5,149,769,276,"YES","NO","NO","NO"
"280",15950," Gasoline",1598,115,156,11.9,6.5,149,769,276,"YES","NO","YES","YES"
"281",9980," Gasoline",998,75,97,16.7,5.2,117,962,115,"YES","NO","NO","NO"
"282",10780," Gasoline",998,75,97,16.7,5.2,117,962,115,"YES","NO","YES","YES"
"283",11590," Gasoline",898,90,135,11.1,5.4,124,926,149,"YES","NO","NO","NO"
"284",12980," Gasoline",898,90,135,11.1,5.4,124,926,149,"YES","NO","YES","YES"
"285",10650," Gasoline",998,75,97,16.7,5.8,117,862,115,"YES","NO","NO","NO"
"286",13980," Diesel",1461,90,220,11.8,4,105,1250,103,"YES","NO","NO","NO"
"287",14580," Diesel",1461,90,220,11.8,4,105,1250,103,"YES","NO","YES","YES"
"288",15465," Gasoline",1199,82,118,12.3,4.3,99,1163,89,"YES","NO","NO","YES"
"289",15568," Gasoline",1199,82,118,12.3,4.3,99,1163,89,"NO","YES","NO","YES"
"290",16354," Gasoline",1199,82,118,14.4,4.2,97,1190,87,"NO","YES","NO","YES"
"291",17512," Diesel",1560,100,254,10.8,3,79,1500,0,"NO","YES","NO","YES"
"292",18974," Diesel",1560,120,270,9.3,3.6,94,1250,85,"NO","YES","NO","YES"
"295",21800," Gasoline",1199,100,205,10.9,5.4,105,815,103,"YES","NO","YES","YES"
"296",24900," Gasoline",1199,100,205,10.9,5.4,105,815,103,"NO","YES","YES","YES"
"297",26850," Gasoline",1199,130,230,9.2,6,109,733,107,"NO","YES","YES","YES"
"298",30650," Gasoline",1199,130,230,9.2,6,109,733,107,"NO","YES","YES","YES"
"299",32850," Gasoline",1199,155,240,8.2,6.2,120,710,118,"NO","YES","YES","YES"
"300",33500," Gasoline",1199,155,240,8.2,6.2,120,710,118,"NO","YES","YES","YES"
"301",25900," Diesel",1499,100,250,11.4,4.5,97,978,87,"YES","NO","YES","YES"
"302",26900," Diesel",1499,100,250,11.4,4.5,97,978,87,"NO","YES","YES","YES"
"303",27999," Gasoline",1199,130,230,10.2,5.3,121,1170,145,"YES","NO","YES","YES"
"304",31480," Gasoline",1199,130,230,10.2,5.3,121,1170,145,"NO","YES","YES","YES"
"305",34600," Gasoline",1199,130,230,10.2,5.3,121,1170,145,"NO","YES","YES","YES"
"306",32100," Diesel",1499,130,300,10.8,4.5,104,1378,102,"YES","NO","YES","YES"
"307",33600," Diesel",1499,130,300,10.8,4.5,104,1378,102,"NO","YES","YES","YES"
"309",36300," Diesel",1499,130,300,10.8,4.5,104,1378,102,"NO","YES","YES","YES"
"311",36865," Gasoline",1598,180,250,8.9,7.4,132,838,158,"NO","YES","YES","YES"
"312",43650," Gasoline",1598,180,250,8.9,7.4,132,838,158,"NO","YES","YES","YES"
"313",44700," Gasoline",1598,225,300,8.2,7.4,134,838,161,"NO","YES","YES","YES"
"314",53890," Hybrid-Plug-in",1598,300,520,5.9,1.3,31,3308,0,"NO","YES","YES","YES"
"315",54890," Hybrid-Plug-in",1598,300,520,5.9,1.3,31,3308,0,"NO","YES","YES","YES"
"316",55650," Hybrid-Plug-in",1598,300,520,5.9,1.3,31,3308,0,"NO","YES","YES","YES"
"317",45225," Diesel",1997,180,400,9.4,5.6,128,1107,154,"NO","YES","YES","YES"
"323",13700," Gasoline",1242,69,102,12.9,5.1,119,686,117,"YES","NO","NO","NO"
"325",14500," Gasoline",1242,69,102,12.9,5.1,119,686,117,"YES","NO","NO","NO"
"328",15500," Gasoline",1242,69,102,12.9,5.1,119,686,117,"YES","NO","NO","YES"
"330",16500," Gasoline",1242,69,102,12.9,5.1,119,686,117,"YES","NO","NO","YES"
"333",16300," Gasoline",1248,69,102,13.4,5.1,119,686,117,"YES","NO","NO","YES"
"334",17300," Diesel",1248,85,200,14.9,4.2,110,1071,108,"NO","YES","YES","YES"
"336",20750," Diesel",1598,120,320,10.7,4,112,1125,110,"NO","YES","YES","YES"
"337",16990," Gasoline",999,120,190,10.9,5.8,133,828,160,"YES","NO","YES","NO"
"338",21000," Gasoline",999,120,190,10.9,5.8,133,828,160,"NO","YES","YES","YES"
"339",22000," Gasoline",1332,150,270,9.1,6.1,140,787,168,"NO","YES","YES","YES"
"340",22000," Diesel",1598,120,320,10.7,4.7,122,1021,146,"NO","YES","YES","YES"
"341",22000," Diesel",1598,120,320,10.7,4.7,122,1021,146,"NO","YES","YES","YES"
"344",12450," Mild-Hybird",999,70,92,13.9,4,90,950,0,"YES","NO","YES","YES"
"345",14350," Mild-Hybird",999,70,92,13.9,4,90,950,0,"YES","NO","YES","YES"
"346",9990," Gasoline",1242,69,102,14.2,5.2,120,712,118,"YES","NO","NO","NO"
"348",12950," Gasoline",1242,69,102,14.2,5.2,120,712,118,"NO","YES","YES","YES"
"350",15900," Diesel",1248,95,200,11.7,3.7,98,1216,88,"NO","YES","YES","YES"
"352",14900," Gasoline",1368,95,127,11.5,5.7,133,789,160,"NO","YES","YES","YES"
"353",17200," Diesel",1598,120,320,9.7,4.2,110,1071,108,"NO","YES","YES","YES"
"354",16000," Diesel",1248,95,200,12,3.7,99,1351,89,"YES","NO","YES","YES"
"355",16500," Diesel",1248,95,200,12,3.7,99,1351,89,"NO","YES","YES","YES"
"356",17000," Diesel",1248,95,200,12,3.7,99,1351,89,"NO","YES","YES","YES"
"362",17407," Gasoline",998,125,170,12.7,5.2,119,1000,117,"NO","YES","YES","YES"
"365",20856," Gasoline",998,125,170,12.7,5.2,119,1000,117,"NO","YES","YES","YES"
"366",21259," Gasoline",998,125,170,12.7,5.2,119,1000,117,"NO","YES","YES","YES"
"367",21509," Gasoline",998,140,180,11.8,5.2,119,1000,117,"NO","YES","YES","YES"
"368",21912," Gasoline",998,140,180,11.8,5.2,119,1000,117,"NO","YES","YES","YES"
"376",14866," Gasoline",998,100,170,10.5,4.3,97,977,87,"YES","NO","YES","YES"
"377",15944," Gasoline",998,100,170,10.5,4.3,97,977,87,"NO","YES","YES","YES"
"378",17000," Gasoline",998,125,170,9.9,4.3,98,977,88,"NO","YES","YES","YES"
"379",17322," Gasoline",998,125,170,9.9,4.3,98,977,88,"YES","NO","YES","YES"
"380",18557," Gasoline",998,140,180,9,4.5,102,933,100,"YES","NO","YES","YES"
"381",18704," Gasoline",998,100,170,10.5,4.3,97,977,87,"NO","YES","YES","YES"
"382",20143," Gasoline",998,140,180,9,4.5,102,933,100,"NO","YES","YES","YES"
"383",13536," Gasoline",1084,85,110,14.9,4.4,101,955,99,"YES","NO","NO","YES"
"384",14424," Gasoline",1084,85,110,14.9,4.4,101,955,99,"YES","NO","YES","YES"
"385",15184," Diesel",1499,85,215,12.5,3.1,84,1355,0,"YES","NO","YES","YES"
"386",16058," Diesel",1499,85,215,12.5,3.1,84,1355,0,"YES","NO","YES","YES"
"387",17034," Diesel",1499,85,215,12.5,3.1,84,1355,0,"YES","NO","YES","YES"
"388",20009," Diesel",1499,120,270,9,3.5,89,1200,0,"NO","YES","YES","YES"
"389",17295," Gasoline",998,100,170,11,5,114,840,112,"YES","NO","YES","YES"
"390",18925," Gasoline",998,125,170,10.4,5,114,840,112,"YES","NO","YES","YES"
"391",20938," Gasoline",998,140,180,9.4,5.2,119,808,117,"YES","NO","YES","YES"
"392",19312," Diesel",1499,120,270,9.4,4.4,112,909,110,"YES","NO","YES","YES"
"393",18982," Gasoline",999,125,200,10,4.8,108,1083,106,"YES","NO","YES","YES"
"394",19449," Gasoline",999,125,200,10,4.8,108,1083,106,"YES","NO","YES","YES"
"395",20201," Gasoline",999,125,200,10,4.8,108,1083,106,"NO","YES","YES","YES"
"396",20360," Gasoline",999,125,200,10,4.8,108,1083,106,"YES","NO","YES","YES"
"397",20763," Gasoline",999,125,200,11.1,5.6,126,929,151,"YES","NO","YES","YES"
"398",21121," Gasoline",999,125,200,11.1,5.6,126,929,151,"YES","NO","YES","YES"
"399",21519," Gasoline",999,125,200,11.1,5.6,126,929,151,"NO","YES","YES","YES"
"400",21718," Gasoline",999,125,200,11.1,5.6,126,929,151,"YES","NO","YES","YES"
"401",26186," Gasoline",999,125,200,10,4.8,108,1083,106,"NO","YES","YES","YES"
"402",26612," Gasoline",999,125,200,11.1,5.6,126,929,151,"NO","YES","YES","YES"
"403",20948," Gasoline",1497,150,240,8.8,5.3,123,981,148,"YES","NO","YES","YES"
"404",21154," Gasoline",1497,150,240,8.8,5.3,123,981,148,"YES","NO","YES","YES"
"405",21353," Gasoline",1497,150,240,8.8,5.3,123,981,148,"NO","YES","YES","YES"
"406",24148," Gasoline",1497,182,240,8.9,5.9,124,881,149,"YES","NO","YES","YES"
"407",26223," Gasoline",1497,150,240,8.8,5.3,123,981,148,"NO","YES","YES","YES"
"408",27377," Gasoline",1497,182,240,8.9,5.9,124,881,149,"NO","YES","YES","YES"
"409",20295," Diesel",1500,95,300,11.4,3.5,92,1343,83,"YES","NO","YES","YES"
"410",21322," Diesel",1500,120,300,10,3.6,94,1306,85,"YES","NO","YES","YES"
"411",22081," Diesel",1500,120,300,10,3.6,94,1306,85,"YES","NO","YES","YES"
"412",24062," Diesel",1500,120,300,10,3.6,94,1306,85,"YES","NO","YES","YES"
"413",24069," Diesel",1500,120,300,10,3.6,94,1306,85,"NO","YES","YES","YES"
"414",24643," Diesel",1500,120,300,10.2,4.2,111,1119,109,"YES","NO","YES","YES"
"415",25194," Diesel",1500,120,300,10.2,4.2,111,1119,109,"YES","NO","YES","YES"
"416",25873," Diesel",1500,120,300,10.2,4.2,111,1119,109,"NO","YES","YES","YES"
"417",25908," Diesel",1500,120,300,10.2,4.2,111,1119,109,"YES","NO","YES","YES"
"418",26916," Diesel",1500,120,300,10,3.6,94,1306,85,"NO","YES","YES","YES"
"419",32665," Diesel",1500,120,300,10.2,4.2,111,1119,109,"NO","YES","YES","YES"
"420",12411," Gasoline",1196,85,112,13.9,4.8,110,729,108,"NO","YES","YES","YES"
"445",23113," Gasoline",998,125,170,12,5.1,119,1216,117,"NO","YES","YES","YES"
"446",23994," Gasoline",1498,160,240,9.3,5.9,137,1051,164,"NO","YES","YES","YES"
"447",24741," Diesel",1499,120,270,12.1,4.2,109,1476,107,"NO","YES","YES","YES"
"448",25147," Diesel",1499,120,270,12.3,3.8,99,1632,89,"NO","YES","YES","YES"
"449",40019," Diesel",1997,180,400,8.3,4.4,115,1409,113,"NO","YES","YES","YES"
"450",45392," Gasoline",1999,240,345,7.9,7.3,169,849,414,"NO","YES","YES","YES"
"451",49077," Diesel",1997,180,400,8.6,4.6,124,1348,149,"NO","YES","YES","YES"
"452",50559," Diesel",1997,210,450,7.9,4.8,124,1292,149,"NO","YES","YES","YES"
"453",50887," Gasoline",1999,240,345,7.9,7.3,169,849,414,"NO","YES","YES","YES"
"454",47433," Gasoline",2300,317,432,5.8,8,179,738,439,"NO","YES","NO","YES"
"455",61186," Gasoline",4951,421,530,4.8,13.5,299,452,1112,"NO","YES","NO","YES"
"460",20650," Gasoline",988,129,200,10.8,4.8,110,958,108,"NO","YES","YES","YES"
"461",22150," Gasoline",988,129,200,10.6,4.7,106,979,104,"NO","YES","YES","YES"
"462",22190," Gasoline",988,129,200,10.8,4.8,110,958,108,"NO","YES","YES","YES"
"463",25250," Gasoline",988,129,200,10.6,4.7,106,979,104,"NO","YES","YES","YES"
"464",28070," Gasoline",1498,182,240,8.2,5.8,133,793,160,"NO","YES","YES","YES"
"465",31350," Gasoline",1498,182,240,8.2,6.1,139,754,167,"NO","YES","YES","YES"
"466",55650," Gasoline",1996,320,400,5.8,8.5,178,541,436,"NO","YES","YES","YES"
"467",33650," Gasoline",1498,173,220,9.3,6.3,143,905,265,"NO","YES","YES","YES"
"468",35650," Gasoline",1498,173,220,9.3,6.3,143,905,265,"NO","YES","YES","YES"
"469",37050," Gasoline",1498,173,220,9.3,6.6,151,864,279,"NO","YES","YES","YES"
"470",38550," Gasoline",1498,193,243,10,7.1,162,803,397,"NO","YES","YES","YES"
"471",46050," Gasoline",1498,193,243,10,7.1,162,803,397,"NO","YES","YES","YES"
"472",39900,"Hybrid",1993,184,315,8.8,5.3,120,1075,118,"NO","YES","YES","YES"
"473",42990,"Hybrid",1993,184,315,8.8,5.3,120,1075,118,"NO","YES","YES","YES"
"474",44990,"Hybrid",1993,184,315,9.2,5.5,126,1036,151,"NO","YES","YES","YES"
"477",22325," Gasoline",1498,130,155,10.2,5.6,130,893,156,"YES","NO","YES","YES"
"478",27220," Gasoline",1498,130,155,10.2,5.6,130,893,156,"NO","YES","YES","YES"
"479",28070," Gasoline",1498,130,155,11.4,6.9,121,725,145,"NO","YES","YES","YES"
"480",33950," Gasoline",1498,130,155,11.4,6.9,121,725,145,"NO","YES","YES","YES"
"481",15640," Gasoline",1318,102,123,11.2,5.1,117,784,115,"NO","YES","YES","YES"
"482",19250," Gasoline",1318,102,123,12.1,4.8,111,833,109,"NO","YES","YES","YES"
"483",10390," Gasoline",998,65,95,14.7,5.1,117,784,115,"YES","NO","NO","NO"
"484",11190," Gasoline",998,65,95,14.7,5.1,117,784,115,"YES","NO","YES","NO"
"485",11990," Gasoline",998,65,95,14.7,5.1,117,784,115,"YES","NO","YES","YES"
"486",10890," Gasoline",1248,87,120,12.1,5.5,125,727,150,"YES","NO","NO","NO"
"487",11690," Gasoline",1248,87,120,12.1,5.5,125,727,150,"YES","NO","YES","YES"
"488",12490," Gasoline",1248,87,120,12.1,5.5,125,727,150,"NO","YES","YES","YES"
"512",13990," Gasoline",998,100,175,10.8,4.4,102,1136,100,"YES","NO","YES","YES"
"513",14790," Gasoline",998,120,175,10.2,5.2,119,962,117,"YES","NO","YES","YES"
"514",14990," Gasoline",998,100,175,10.8,4.4,102,1136,100,"YES","NO","YES","YES"
"515",15390," Gasoline",998,100,175,11.4,5.2,118,962,116,"YES","NO","YES","YES"
"516",15790," Gasoline",998,120,175,10.2,5.2,119,962,117,"NO","YES","YES","YES"
"517",16190," Gasoline",998,120,175,10.5,5.3,121,943,145,"YES","NO","YES","YES"
"518",17090," Gasoline",998,120,175,10.5,5.3,121,943,145,"NO","YES","YES","YES"
"519",16390," Gasoline",998,100,175,11.4,5.2,118,962,116,"NO","YES","YES","YES"
"520",17690," Gasoline",998,120,175,10.5,5.3,121,943,145,"NO","YES","YES","YES"
"521",16590," Gasoline",998,120,175,10.2,5.2,119,962,117,"NO","YES","YES","YES"
"522",11690," Gasoline",1248,75,121,13.6,4.8,112,1042,110,"YES","NO","NO","NO"
"523",12190," Gasoline",1248,75,121,13.6,4.8,112,1042,110,"YES","NO","YES","YES"
"525",16640," Gasoline",998,120,171,11.1,5,115,1000,113,"YES","NO","YES","YES"
"526",17440," Gasoline",998,120,171,11.1,5,115,1000,113,"NO","YES","YES","YES"
"528",15040," Gasoline",1368,100,134,12.6,5.6,130,893,156,"YES","NO","YES","YES"
"529",15640," Gasoline",1368,100,134,12.6,5.6,130,893,156,"YES","NO","YES","YES"
"530",16340," Gasoline",1368,100,134,12.6,5.6,130,893,156,"NO","YES","YES","YES"
"531",17690," Diesel",1582,95,280,12.2,3.8,98,1316,88,"YES","NO","YES","YES"
"532",17090," Diesel",1582,95,280,12.2,3.8,98,1316,88,"YES","NO","YES","YES"
"533",19490," Diesel",1582,115,280,11,3.8,99,1316,89,"YES","NO","YES","YES"
"534",20190," Diesel",1582,115,280,11,3.8,99,1316,89,"NO","YES","YES","YES"
"535",21390," Diesel",1582,136,300,10.2,3.9,102,1282,100,"NO","YES","YES","YES"
"536",26990," Gasoline",1998,250,353,6.4,7,159,714,294,"NO","YES","YES","YES"
"537",28750," Gasoline",1998,275,353,6.1,7.1,163,704,399,"NO","YES","YES","YES"
"538",17240," Gasoline",998,120,171,11.5,5.2,120,962,118,"NO","YES","YES","YES"
"539",17770," Gasoline",998,120,171,11.5,5.2,120,962,118,"NO","YES","YES","YES"
"540",21340," Gasoline",1353,140,242,9.2,5.5,129,909,155,"NO","YES","YES","YES"
"560",20590," Gasoline",1591,132,160,11.8,6.9,159,899,294,"NO","YES","YES","YES"
"561",21490," Gasoline",1591,132,160,11.8,6.9,159,899,294,"NO","YES","YES","YES"
"571",18690," Gasoline",998,120,172,11.1,5.5,125,909,150,"YES","NO","YES","YES"
"572",20190," Gasoline",998,120,172,11.1,5.5,125,909,150,"NO","YES","YES","YES"
"573",20090," Gasoline",1353,140,242,8.9,5.7,130,877,156,"YES","NO","YES","YES"
"574",21590," Gasoline",1353,140,242,8.9,5.7,130,877,156,"NO","YES","YES","YES"
"575",20290," Diesel",1598,115,280,10.9,3.9,101,1282,99,"YES","NO","YES","YES"
"576",21090," Diesel",1598,115,280,10.9,3.9,101,1282,99,"YES","NO","YES","YES"
"577",21690," Diesel",1598,136,280,10.2,4.1,105,1220,103,"YES","NO","YES","YES"
"578",24890," Diesel",1598,136,280,10.2,4.1,105,1220,103,"NO","YES","YES","YES"
"581",39990," Hybrid-Plug-in",1580,141,265,10.8,1.4,31,3071,0,"NO","YES","YES","YES"
"582",10740," Gasoline",998,69,97,14.3,4.4,101,795,99,"YES","NO","NO","NO"
"583",12040," Gasoline",998,69,97,14.3,4.4,101,795,99,"YES","NO","NO","YES"
"584",15140," Gasoline",998,100,170,10.1,4.6,106,761,104,"YES","NO","YES","YES"
"585",15140," Gasoline",998,100,170,10.1,4.6,106,761,104,"YES","NO","YES","YES"
"586",11740," Gasoline",1248,85,123,12,5,114,700,112,"YES","NO","NO","NO"
"587",12540," Gasoline",1248,85,123,12,5,114,700,112,"NO","YES","YES","YES"
"593",16890," Gasoline",998,100,175,10.7,4.8,109,938,107,"YES","NO","YES","YES"
"594",17290," Gasoline",998,120,175,10.2,5,114,900,112,"NO","YES","YES","YES"
"595",13990," Gasoline",1248,84,125,12.9,5.3,114,849,112,"YES","NO","NO","YES"
"596",15590," Gasoline",1248,84,125,12.9,5.3,114,849,112,"YES","NO","YES","YES"
"597",15790," Gasoline",1368,100,140,9.7,5.9,127,763,152,"YES","NO","NO","YES"
"601",23990," Gasoline",1591,177,265,9.2,7.3,170,849,417,"NO","YES","YES","YES"
"602",28690," Gasoline",1591,177,265,9.2,7.3,170,849,417,"NO","YES","YES","YES"
"608",15990," Gasoline",998,100,175,10.8,5,115,900,113,"YES","NO","YES","YES"
"609",17190," Gasoline",998,100,175,10.8,5,115,900,113,"YES","NO","YES","YES"
"610",17390," Gasoline",998,100,175,10.3,5,115,900,113,"YES","NO","YES","YES"
"611",17890," Mild-Hybird",998,100,175,10.8,5,115,900,113,"YES","NO","YES","YES"
"612",18590," Gasoline",998,100,175,10.3,5,115,900,113,"YES","NO","YES","YES"
"613",18690," Gasoline",998,100,175,10.8,5,115,900,113,"NO","YES","YES","YES"
"614",19390," Mild-Hybird",998,100,175,10.8,5,115,900,113,"NO","YES","YES","YES"
"615",20090," Mild-Hybird",998,120,175,10.6,5.2,120,865,118,"YES","NO","YES","YES"
"616",20090," Gasoline",998,100,175,10.3,5,115,900,113,"NO","YES","YES","YES"
"617",21590," Mild-Hybird",998,120,175,10.6,5.2,120,865,118,"NO","YES","YES","YES"
"618",14190," Gasoline",1248,84,122,13.2,5.2,118,865,116,"YES","NO","YES","YES"
"619",15390," Gasoline",1248,84,122,13.2,5.2,118,865,116,"YES","NO","YES","YES"
"621",21690," Gasoline",998,120,171,11.3,5.4,124,926,149,"YES","NO","YES","YES"
"622",22690," Gasoline",998,120,171,11.3,5.4,124,926,149,"NO","YES","YES","YES"
"623",23990," Gasoline",1353,140,242,9.4,6,137,833,164,"NO","YES","YES","YES"
"624",24990," Gasoline",1353,140,242,9.4,6,137,833,164,"NO","YES","YES","YES"
"625",38990," Hybrid-Plug-in",1580,141,265,11,1.4,32,2643,0,"NO","YES","YES","YES"
"627",27790," Gasoline",1591,204,265,7.7,6.7,143,746,265,"NO","YES","YES","YES"
"629",25290," Gasoline",1598,115,300,11.4,4.1,109,1220,107,"NO","YES","YES","YES"
"630",26290," Gasoline",1598,115,300,11.4,4.1,109,1220,107,"NO","YES","YES","YES"
"631",26290," Gasoline",1598,136,285,10.6,4.3,112,1163,110,"NO","YES","YES","YES"
"632",27290," Gasoline",1598,136,285,10.6,4.3,112,1163,110,"NO","YES","YES","YES"
"633",77750," Diesel",2993,211,520,10.7,8.5,224,1012,683,"NO","YES","YES","YES"
"634",84600," Diesel",2993,211,520,10.7,8.5,224,1012,683,"NO","YES","YES","YES"
"636",99000," Gasoline",4999,375,510,7.9,14.1,328,610,1220,"NO","YES","YES","YES"
"637",56600," Gasoline",1999,240,340,8.2,8,191,875,531,"NO","YES","YES","YES"
"638",59000," Gasoline",1999,240,340,7.6,8.7,199,632,553,"YES","NO","YES","YES"
"639",70000," Gasoline",1999,240,340,7.6,8.7,199,632,553,"NO","YES","YES","YES"
"640",74200," Gasoline",1999,240,340,7.6,8.7,199,632,553,"NO","YES","YES","YES"
"641",44600," Diesel",2179,150,400,11.2,4.9,129,1122,155,"YES","NO","YES","YES"
"642",61700," Diesel",2179,150,400,11.2,4.9,129,1122,155,"NO","YES","YES","YES"
"643",67000," Diesel",2179,150,400,11.2,4.9,129,1122,155,"NO","YES","YES","YES"
"644",155000," Diesel",4367,313,700,7.8,9.4,253,1106,941,"NO","YES","YES","YES"
"645",196000," Gasoline",4999,510,625,6.2,14.9,348,698,1295,"NO","YES","YES","YES"
"646",225000," Gasoline",4999,510,625,6.2,14.9,348,698,1295,"NO","YES","YES","YES"
"647",109100," Diesel",2993,256,600,8.9,8.8,230,955,702,"NO","YES","YES","YES"
"648",117950," Diesel",2993,256,600,8.9,8.8,230,955,702,"NO","YES","YES","YES"
"649",104500," Gasoline",4999,375,510,7.6,13.9,327,633,1216,"NO","YES","YES","YES"
"650",116000," Gasoline",4999,375,510,7.6,13.9,327,633,1216,"NO","YES","YES","YES"
"651",154500," Gasoline",4999,510,625,5.9,14.9,348,591,1295,"NO","YES","YES","YES"
"652",27800,"Hybrid",1798,136,142,10.3,3.6,82,1250,0,"NO","YES","YES","YES"
"653",34400,"Hybrid",1798,136,142,10.3,3.6,82,1250,0,"NO","YES","YES","YES"
"654",38180,"Hybrid",1798,136,142,10.3,3.6,82,1250,0,"NO","YES","YES","YES"
"655",65000,"Hybrid",2474,223,221,9.2,4.7,109,1383,107,"NO","YES","YES","YES"
"656",83700,"Hybrid",3456,292,352,5.9,5.9,137,1102,164,"NO","YES","YES","YES"
"657",39000,"Hybrid",2494,181,221,8.3,4.3,99,1535,89,"NO","YES","YES","YES"
"658",183800,"Hybrid",4969,445,520,6.1,8.6,199,977,553,"NO","YES","YES","YES"
"659",44700,"Hybrid",2494,197,210,9.2,5.1,116,1098,114,"NO","YES","YES","YES"
"660",84000,"Hybrid",3456,249,317,7.8,6.3,145,1032,268,"NO","YES","YES","YES"
"661",89300,"Hybrid",3456,249,317,7.8,6.3,145,1032,268,"NO","YES","YES","YES"
"662",107000,"Hybrid",3456,249,317,7.8,6.3,145,1032,268,"NO","YES","YES","YES"
"663",13719," Gasoline",1496,75,135,12.1,4.7,110,936,108,"YES","NO","YES","YES"
"664",14338," Gasoline",1496,75,135,12.1,4.7,110,936,108,"YES","NO","YES","YES"
"665",16093," Gasoline",1496,75,135,12.1,4.7,110,936,108,"NO","YES","YES","YES"
"666",16506," Gasoline",1496,90,148,9.4,4.5,105,978,103,"NO","YES","YES","YES"
"667",17228," Gasoline",1496,90,148,9.4,4.5,105,978,103,"NO","YES","YES","YES"
"668",17228," Gasoline",1496,90,148,12,4.8,112,917,110,"NO","YES","YES","YES"
"669",21516," Gasoline",1496,115,148,8.7,4.9,115,898,113,"NO","YES","YES","YES"
"670",27661," Diesel",1759,122,213,10.3,4.1,107,1244,105,"NO","YES","YES","YES"
"671",30794," Diesel",1759,122,213,10.3,4.1,107,1244,105,"NO","YES","YES","YES"
"672",25290," Mild-Hybird",1998,116,270,10.4,5.1,117,1000,115,"NO","YES","YES","YES"
"673",26758," Mild-Hybird",1998,116,270,10.4,5.1,117,1000,115,"NO","YES","YES","YES"
"674",34491," Gasoline",1998,145,213,9.9,6.2,142,1000,263,"NO","YES","YES","YES"
"675",36955," Gasoline",1998,165,213,10.5,6.2,141,1000,261,"NO","YES","YES","YES"
"676",36955," Gasoline",1998,165,213,9.4,6.4,152,969,281,"NO","YES","YES","YES"
"677",46078," Diesel",2191,184,445,9,5.1,133,1216,160,"NO","YES","YES","YES"
"678",48004," Diesel",2191,184,445,9,5.1,133,1216,160,"NO","YES","YES","YES"
"679",42240," Gasoline",2488,194,258,8.1,6.7,153,925,283,"NO","YES","YES","YES"
"680",46742," Gasoline",2488,194,258,8.1,6.7,153,925,283,"NO","YES","YES","YES"
"681",24263," Diesel",1759,115,270,9.9,4.4,114,1091,112,"NO","YES","YES","YES"
"682",26408," Diesel",1759,115,270,9.9,4.4,114,1091,112,"NO","YES","YES","YES"
"683",27198," Diesel",1759,115,270,9.9,4.4,114,1091,112,"NO","YES","YES","YES"
"684",19060," Gasoline",1998,121,206,9,6.2,141,774,261,"NO","YES","YES","YES"
"685",21214," Gasoline",1998,121,206,9,6.2,141,774,261,"NO","YES","YES","YES"
"686",25048," Gasoline",1998,121,206,9,6.2,141,774,261,"NO","YES","YES","YES"
"687",26088," Gasoline",1998,121,206,9,6.2,141,774,261,"NO","YES","YES","YES"
"688",31657," Gasoline",1998,150,206,8.8,7,160,629,296,"NO","YES","YES","YES"
"689",34368," Gasoline",1998,150,206,8.8,7,160,629,296,"NO","YES","YES","YES"
"690",27085," Diesel",1759,116,270,10.8,4.4,116,1091,114,"YES","NO","YES","YES"
"691",31736," Diesel",1759,116,270,10.8,4.4,116,1091,114,"NO","YES","YES","YES"
"692",41328," Diesel",1759,116,270,12.6,5.2,137,923,164,"NO","YES","YES","YES"
"693",25112," Gasoline",1998,122,213,10.6,5.1,116,941,114,"YES","NO","YES","YES"
"694",27628," Gasoline",1998,122,213,10.6,5.1,116,941,114,"NO","YES","YES","YES"
"695",28725," Gasoline",1998,180,224,8.5,4.6,105,1043,103,"NO","YES","YES","YES"
"696",33112," Gasoline",1998,180,224,8.9,4.9,111,980,109,"NO","YES","YES","YES"
"697",33112," Gasoline",1998,180,224,8.8,4.9,111,980,109,"NO","YES","YES","YES"
"698",27705," Gasoline",1998,165,213,10.3,6.4,146,875,270,"NO","YES","YES","YES"
"699",32026," Gasoline",1998,165,213,10.3,6.4,146,875,270,"NO","YES","YES","YES"
"700",35033," Gasoline",1998,165,213,10.8,7.2,163,806,399,"NO","YES","YES","YES"
"701",35353," Gasoline",1998,165,213,10.3,6.4,146,875,270,"NO","YES","YES","YES"
"702",36093," Gasoline",1998,165,213,10.3,6.4,146,875,270,"NO","YES","YES","YES"
"703",38412," Gasoline",1998,165,213,10.8,7.2,163,806,399,"NO","YES","YES","YES"
"704",41787," Gasoline",1998,165,213,10.8,7.2,163,806,399,"NO","YES","YES","YES"
"705",34556," Diesel",2191,150,380,9.9,5,130,1120,156,"NO","YES","YES","YES"
"706",36981," Diesel",2191,150,380,10.1,5.8,137,1000,164,"NO","YES","YES","YES"
"707",37588," Diesel",2191,150,380,9.9,5,130,1120,156,"NO","YES","YES","YES"
"708",40814," Diesel",2191,150,380,9.9,5,130,1120,156,"NO","YES","YES","YES"
"709",42355," Diesel",2191,150,380,10.1,5.8,137,1000,164,"NO","YES","YES","YES"
"710",43382," Diesel",2191,150,380,10.1,5.8,137,1000,164,"NO","YES","YES","YES"
"711",47528," Diesel",2191,184,445,9.3,5.2,137,1115,164,"NO","YES","YES","YES"
"712",50671," Diesel",2191,184,445,9.3,5.2,137,1115,164,"NO","YES","YES","YES"
"713",45260," Gasoline",2488,194,258,9.2,7.2,164,806,402,"NO","YES","YES","YES"
"714",48465," Gasoline",2488,194,258,9.2,7.2,164,806,402,"NO","YES","YES","YES"
"715",50869," Gasoline",2488,194,258,9.2,7.2,164,806,402,"NO","YES","YES","YES"
"718",24997," Gasoline",1496,131,150,8.3,6,139,750,167,"NO","YES","YES","YES"
"719",26139," Gasoline",1496,131,150,8.3,6,139,750,167,"NO","YES","YES","YES"
"720",27738," Gasoline",1496,131,150,8.3,6,139,750,167,"NO","YES","YES","YES"
"721",32736," Gasoline",1496,131,150,8.3,6,139,750,167,"NO","YES","YES","YES"
"722",34614," Gasoline",1998,160,200,7.3,6.9,161,652,394,"NO","YES","YES","YES"
"723",37325," Gasoline",1998,160,200,7.3,6.9,161,652,394,"NO","YES","YES","YES"
"724",41897," Gasoline",1998,160,200,7.3,6.9,161,652,394,"NO","YES","YES","YES"
"725",22125," Gasoline",1332,109,180,10.9,5.5,127,782,152,"NO","YES","YES","YES"
"726",27860," Gasoline",1332,136,240,9.2,5.6,127,857,152,"NO","YES","YES","YES"
"727",32605," Gasoline",1332,163,250,8.2,6,133,800,160,"NO","YES","YES","YES"
"729",22000," Gasoline",1461,95,240,12.4,4,106,1200,104,"NO","YES","YES","YES"
"730",27986," Gasoline",1461,116,260,10.6,3.8,101,1263,99,"NO","YES","YES","YES"
"731",40160," Gasoline",1950,150,320,8.1,4,107,1200,105,"NO","YES","YES","YES"
"732",43500," Gasoline",1950,190,400,7,4.3,114,1116,112,"NO","YES","YES","YES"
"733",45450," Gasoline",1991,224,350,6.2,6,141,800,261,"NO","YES","YES","YES"
"734",59150," Gasoline",1991,306,400,4.7,7.9,167,646,409,"NO","YES","YES","YES"
"735",82850," Gasoline",1991,421,500,3.9,8.9,189,573,525,"NO","YES","YES","YES"
"736",27911," Gasoline",1332,136,200,9.3,6.1,124,705,149,"NO","YES","YES","YES"
"737",32754," Gasoline",1332,163,250,8.3,6.1,124,705,149,"NO","YES","YES","YES"
"739",30300," Diesel",1461,116,260,10.6,4.6,103,935,101,"NO","YES","YES","YES"
"740",35320," Diesel",1461,150,320,8.2,4.1,105,1049,103,"NO","YES","YES","YES"
"741",28315," Gasoline",1332,109,200,11.3,5.5,130,782,156,"NO","YES","YES","YES"
"742",32560," Gasoline",1332,136,200,9.4,6.9,123,623,148,"NO","YES","YES","YES"
"743",32900," Gasoline",1332,163,250,8.5,6,135,717,162,"NO","YES","YES","YES"
"744",32150," Diesel",1461,95,260,12.7,5.3,120,811,118,"NO","YES","YES","YES"
"745",33590," Diesel",1461,115,260,10.9,5.3,119,811,117,"NO","YES","YES","YES"
"746",41970," Diesel",1950,190,320,8.3,4.9,129,878,155,"NO","YES","YES","YES"
"747",50906," Gasoline",1595,156,250,8.9,6,135,800,162,"NO","YES","YES","YES"
"748",55564," Gasoline",1595,156,250,8.9,6.2,146,774,270,"NO","YES","YES","YES"
"749",38195," Gasoline",1595,156,250,8.5,5.8,136,1017,163,"NO","YES","NO","YES"
"750",45910," Gasoline",1796,184,270,8.2,6.6,154,894,285,"NO","YES","NO","YES"
"751",57850," Diesel",2143,170,400,8.4,4.4,117,1341,115,"NO","YES","NO","YES"
"752",145829," Gasoline",6208,457,600,4.4,12,280,550,1042,"NO","YES","NO","YES"
"753",35550," Gasoline",1595,156,250,8.2,5,116,960,114,"NO","YES","YES","YES"
"754",35910," Diesel",1598,116,280,11.1,3.8,99,1263,89,"NO","YES","YES","YES"
"755",45230," Diesel",1598,136,300,9.7,3.8,99,1263,89,"NO","YES","YES","YES"
"756",41280," Gasoline",1991,184,300,7.5,5.3,123,906,148,"NO","YES","YES","YES"
"757",54750," Hybrid-Plug-in",1991,320,700,5.4,1.4,39,3571,0,"NO","YES","YES","YES"
"759",51480," Diesel",2143,170,400,8.1,4,103,1200,101,"NO","YES","YES","YES"
"760",33300," Diesel",1461,109,260,11.6,3.9,102,1436,100,"NO","YES","YES","YES"
"761",32250," Gasoline",1595,122,200,9.3,5.4,126,1037,151,"NO","YES","YES","YES"
"762",35499," Gasoline",1595,156,250,8.6,5.4,126,1037,151,"NO","YES","YES","YES"
"763",46390," Diesel",1796,136,300,9.4,4.2,109,1333,107,"NO","YES","YES","YES"
"764",80500," Gasoline",1991,360,450,4.6,6.9,161,812,394,"NO","YES","YES","YES"
"765",51500," Diesel",2143,177,350,7.7,4,104,1400,102,"NO","YES","YES","YES"
"766",35480," Diesel",1461,109,260,11.6,4,101,1400,99,"NO","YES","YES","YES"
"767",34530," Gasoline",1595,122,200,9.4,5.5,128,1018,154,"NO","YES","YES","YES"
"768",39980," Gasoline",1595,156,250,8.8,5.6,130,1000,156,"NO","YES","YES","YES"
"769",47930," Gasoline",1991,211,350,6.9,5.5,128,1018,154,"NO","YES","YES","YES"
"770",82040," Gasoline",1991,360,450,4.7,6.9,161,812,394,"NO","YES","YES","YES"
"771",49020," Diesel",2143,136,300,9.5,4.1,108,1366,106,"NO","YES","YES","YES"
"772",53070," Diesel",2143,177,350,8.3,4,105,1400,103,"NO","YES","YES","YES"
"773",69346," Gasoline",1991,184,270,8.8,7.4,172,892,421,"NO","YES","NO","YES"
"774",61682," Gasoline",1991,184,270,8.5,7.1,164,930,402,"NO","YES","NO","YES"
"775",79084," Gasoline",3498,292,365,6.3,8.5,199,776,553,"NO","YES","YES","YES"
"776",59914," Gasoline",1796,184,270,8.7,7.7,179,766,439,"NO","YES","YES","YES"
"777",67633," Diesel",1950,194,400,7.3,3.9,102,1513,100,"NO","YES","YES","YES"
"778",58941," Gasoline",1991,184,300,7.7,5.9,132,1000,158,"NO","YES","YES","YES"
"779",83312," Diesel",2987,258,620,5.9,5.1,133,1157,160,"NO","YES","YES","YES"
"781",158220," Diesel",2987,211,540,8.8,11.2,295,857,1097,"NO","YES","YES","YES"
"782",184900," Gasoline",5461,388,530,6.1,14.9,348,644,1295,"NO","YES","YES","YES"
"783",35850," Gasoline",1332,163,250,8.7,5.7,130,754,156,"NO","YES","YES","YES"
"789",59070," Gasoline",1991,211,350,7.3,6.5,152,1015,281,"NO","YES","YES","YES"
"790",61980," Diesel",2143,204,500,7.6,5,129,1000,155,"NO","YES","YES","YES"
"791",105400," Diesel",2987,258,620,7.3,6.9,180,1348,441,"NO","YES","YES","YES"
"792",133740," Diesel",2987,258,620,7.8,7.1,185,1577,514,"NO","YES","YES","YES"
"793",141392," Diesel",2987,258,620,6.8,5.5,146,1636,270,"NO","YES","YES","YES"
"794",283760," Gasoline",5513,517,830,4.6,14.1,329,638,1224,"NO","YES","YES","YES"
"795",35028," Diesel",2298,163,403,12.5,7.4,195,1122,542,"YES","NO","NO","NO"
"796",37255," Diesel",2298,163,403,12.9,7.6,200,1092,556,"YES","NO","NO","NO"
"797",38355," Diesel",2298,190,450,10.9,7.7,192,1078,534,"YES","NO","NO","YES"
"798",39593," Diesel",2298,163,403,12.9,7.6,200,1092,556,"YES","NO","NO","YES"
"799",39880," Diesel",2298,190,450,11.8,7.9,207,1051,631,"YES","NO","NO","NO"
"800",42810," Diesel",2298,190,450,11.8,7.9,207,1051,631,"YES","NO","NO","YES"
"801",48009," Diesel",2298,190,450,11.8,7.9,207,1051,631,"NO","YES","NO","YES"
"802",26565," Diesel",1496,116,270,10.4,3.8,99,1263,89,"NO","YES","YES","YES"
"803",25664," Gasoline",1499,136,220,9.1,5.1,118,941,116,"NO","YES","YES","YES"
"804",220270," Gasoline",1499,102,180,11.1,5.1,119,941,117,"NO","YES","YES","YES"
"805",29616," Diesel",1995,150,330,8.5,4.1,109,1171,107,"NO","YES","YES","YES"
"806",34549," Diesel",1995,190,400,7.4,4.5,119,1067,117,"NO","YES","YES","YES"
"807",28029," Gasoline",1998,192,280,7.2,6.2,144,774,266,"NO","YES","YES","YES"
"808",44300," Hybrid-Plug-in",1499,224,385,6.8,2.4,43,1500,0,"NO","YES","YES","YES"
"809",22332," Gasoline",1598,98,153,11.9,6.1,139,836,167,"NO","YES","YES","YES"
"810",25244," Gasoline",1598,122,160,10.5,6.1,140,836,168,"NO","YES","YES","YES"
"811",27356," Diesel",1598,112,270,10.9,4.4,115,1159,113,"NO","YES","YES","YES"
"812",31369," Diesel",1598,112,270,11.6,4.9,129,1041,155,"NO","YES","YES","YES"
"813",32053," Gasoline",1598,184,240,7.6,6.1,143,836,265,"NO","YES","YES","YES"
"814",34841," Gasoline",1598,184,240,7.9,6.7,157,761,290,"NO","YES","YES","YES"
"815",32184," Diesel",1995,143,305,9.3,4.6,122,1109,146,"NO","YES","YES","YES"
"816",34697," Diesel",1995,143,305,9.4,4.9,130,1041,156,"NO","YES","YES","YES"
"818",16504," Gasoline",1198,75,150,12.8,5.1,118,784,116,"YES","NO","NO","YES"
"819",17690," Gasoline",1198,102,180,9.9,4.6,108,870,106,"YES","NO","NO","YES"
"820",19361," Diesel",1496,95,220,11.6,3.4,89,1176,0,"YES","NO","NO","YES"
"821",21163," Diesel",1496,116,270,9.2,3.5,92,1257,83,"YES","NO","NO","YES"
"822",19796," Gasoline",1499,136,230,7.9,4.5,105,978,103,"YES","NO","NO","YES"
"823",24826," Gasoline",1998,192,280,6.8,5.7,133,772,160,"NO","YES","NO","YES"
"824",21912," Diesel",1496,116,270,9.4,3.6,95,1111,86,"YES","NO","NO","YES"
"825",20551," Gasoline",1499,136,220,8.2,4.7,109,851,107,"YES","NO","NO","YES"
"826",27043," Diesel",1995,170,360,7.4,4.1,104,1073,102,"NO","YES","NO","YES"
"827",25583," Gasoline",1998,192,280,6.9,5.9,122,746,146,"NO","YES","NO","YES"
"828",25957," Gasoline",1598,122,160,10.4,6,140,783,168,"NO","YES","NO","YES"
"829",29621," Diesel",1598,112,270,10.8,4.4,115,1068,113,"NO","YES","NO","YES"
"830",32080," Diesel",1598,112,270,11.5,4.9,129,959,155,"NO","YES","NO","YES"
"831",32706," Gasoline",1598,184,240,7.5,6.1,143,770,265,"NO","YES","NO","YES"
"832",35484," Gasoline",1598,184,240,7.8,6.7,157,701,290,"NO","YES","NO","YES"
"833",32639," Gasoline",1995,143,305,9.2,4.6,122,1022,146,"NO","YES","NO","YES"
"834",17120," Gasoline",1590,117,154,11.4,5.9,135,1068,162,"YES","NO","YES","YES"
"835",19740," Gasoline",1590,117,154,11.4,5.9,135,1068,162,"NO","YES","YES","YES"
"836",21650," Gasoline",1499,163,250,10.3,6.6,151,955,279,"NO","YES","YES","YES"
"837",25500," Gasoline",1499,163,250,10.3,6.6,151,955,279,"NO","YES","YES","YES"
"838",34950," Gasoline",1499,163,250,9.8,7,159,900,294,"NO","YES","YES","YES"
"839",45900," Hybrid-Plug-in",2360,228,338,10.5,2,46,2250,0,"NO","YES","YES","YES"
"840",54900," Hybrid-Plug-in",2360,228,338,10.5,2,46,2250,0,"NO","YES","YES","YES"
"841",10640," Gasoline",999,71,88,13.6,4,92,875,83,"YES","NO","NO","NO"
"842",11150," Gasoline",999,71,88,13.6,4,92,875,83,"YES","NO","NO","NO"
"843",14750," Gasoline",1193,80,106,11.7,4.3,100,814,90,"NO","YES","YES","YES"
"844",176500," Gasoline",3799,530,612,3,12,279,617,1038,"NO","YES","NO","YES"
"857",14290," Gasoline",999,100,160,10.9,4.5,103,911,101,"YES","NO","NO","YES"
"858",14890," Gasoline",999,100,160,10.9,4.5,103,911,101,"YES","NO","NO","YES"
"859",15350," Gasoline",999,100,144,13,4.9,111,837,109,"YES","NO","NO","YES"
"860",15790," Gasoline",999,100,160,10.9,4.5,103,911,101,"NO","YES","YES","YES"
"861",15890," Gasoline",999,117,200,9.9,5,114,820,112,"YES","NO","NO","YES"
"862",16090," Gasoline",999,100,144,13,4.9,111,837,109,"YES","NO","NO","YES"
"863",16790," Gasoline",999,117,200,9.9,5,114,820,112,"NO","YES","YES","YES"
"864",16790," Gasoline",999,100,160,10.9,4.5,103,911,101,"NO","YES","YES","YES"
"865",16990," Gasoline",999,100,144,13,4.9,111,837,109,"NO","YES","YES","YES"
"866",18890," Gasoline",999,117,200,9.9,5,114,820,112,"NO","YES","YES","YES"
"867",18990," Gasoline",999,100,144,13,4.9,111,837,109,"NO","YES","YES","YES"
"868",20490," Gasoline",1332,140,240,10.5,5.3,121,1038,145,"YES","NO","YES","YES"
"869",22550," Gasoline",1332,140,240,10.5,5.3,121,1038,145,"NO","YES","YES","YES"
"870",25890," Gasoline",1332,160,270,8.9,5.3,121,1038,145,"NO","YES","YES","YES"
"871",26990," Gasoline",1332,160,270,8.9,5.3,121,1038,145,"NO","YES","YES","YES"
"872",31990," Gasoline",1332,140,240,10.5,5.3,121,1038,145,"NO","YES","YES","YES"
"873",33990," Gasoline",1332,160,270,8.9,5.3,121,1038,145,"NO","YES","YES","YES"
"874",22370," Diesel",1461,110,240,11.9,3.8,99,1447,89,"NO","YES","YES","YES"
"875",27790," Diesel",1461,110,240,11.9,3.8,99,1447,89,"NO","YES","YES","YES"
"876",25890," Diesel",1749,150,340,9.5,4.8,123,1354,148,"YES","NO","YES","YES"
"877",27290," Diesel",1749,150,340,9.5,4.8,123,1354,148,"NO","YES","YES","YES"
"878",28290," Diesel",1749,150,340,9.5,4.8,123,1354,148,"NO","YES","YES","YES"
"879",35490," Diesel",1749,150,340,9.5,4.8,123,1354,148,"NO","YES","YES","YES"
"880",26990," Gasoline",1332,1603,270,11.5,6.3,145,952,268,"NO","YES","YES","YES"
"881",28590," Gasoline",1332,1603,270,11.5,6.3,145,952,268,"NO","YES","YES","YES"
"882",34290," Gasoline",1332,1603,270,11.5,6.3,145,952,268,"NO","YES","YES","YES"
"883",25490," Diesel",1749,150,340,10.7,5.2,137,1154,164,"YES","NO","YES","YES"
"884",27690," Diesel",1749,150,340,10.7,5.2,137,1154,164,"NO","YES","YES","YES"
"885",28290," Diesel",1749,150,340,10.7,5.2,137,1154,164,"NO","YES","YES","YES"
"886",31690," Diesel",1749,150,340,12.7,5.6,146,1071,270,"NO","YES","YES","YES"
"887",32390," Diesel",1749,150,340,10.7,5.7,151,1053,279,"NO","YES","YES","YES"
"888",33190," Diesel",1749,150,340,12.7,5.6,146,1071,270,"NO","YES","YES","YES"
"889",33690," Diesel",1749,150,340,10.7,5.7,151,1053,279,"NO","YES","YES","YES"
"890",33790," Diesel",1749,150,340,10.7,5.2,137,1154,164,"NO","YES","YES","YES"
"891",33890," Diesel",1749,150,340,12.7,6,159,1000,294,"NO","YES","YES","YES"
"892",35890," Diesel",1749,150,340,12.7,6,159,1000,294,"NO","YES","YES","YES"
"893",36190," Diesel",1749,150,340,12.7,5.6,146,1071,270,"NO","YES","YES","YES"
"894",36690," Diesel",1749,150,340,10.7,5.7,151,1053,279,"NO","YES","YES","YES"
"895",38390," Diesel",1749,150,340,12.7,6,159,1000,294,"NO","YES","YES","YES"
"903",21550," Gasoline",1199,145,225,10.3,4.4,101,1091,99,"NO","YES","YES","YES"
"905",24900," Gasoline",1341,145,236,9.9,5.1,116,941,114,"NO","YES","YES","YES"
"910",21600," Diesel",1496,122,285,10.9,3.6,109,1333,107,"NO","YES","YES","YES"
"911",21700," Diesel",1496,122,300,10.3,3.1,96,1548,86,"NO","YES","YES","YES"
"917",13580," Gasoline",1199,75,118,13.2,4.1,93,976,84,"YES","NO","NO","YES"
"918",14380," Gasoline",1199,100,205,9.9,4.2,96,1048,86,"YES","NO","NO","YES"
"924",15980," Diesel",1499,102,250,10.2,3.2,85,1281,0,"YES","NO","NO","YES"
"927",16450," Gasoline",1199,81,118,14,5.1,115,882,113,"YES","NO","YES","YES"
"928",20450," Gasoline",1199,130,250,9.9,5.2,118,865,116,"NO","YES","YES","YES"
"929",21750," Gasoline",1199,110,205,11.8,5.6,127,804,152,"NO","YES","YES","YES"
"930",19550," Diesel",1560,99,254,12,3.6,93,1250,84,"YES","NO","YES","YES"
"931",21580," Diesel",1560,99,254,12,3.6,93,1250,84,"NO","YES","YES","YES"
"932",25700," Gasoline",1199,130,230,11.6,4.5,117,1178,115,"NO","YES","YES","YES"
"933",30800," Gasoline",1199,130,230,11.6,4.5,117,1178,115,"NO","YES","YES","YES"
"934",27300," Diesel",1560,120,300,11.8,4,104,1325,102,"NO","YES","YES","YES"
"935",31900," Diesel",1560,120,300,11.8,4,104,1325,102,"NO","YES","YES","YES"
"940",22000," Gasoline",1364,140,200,10.9,5.7,134,1228,161,"NO","YES","YES","YES"
"941",25900," Gasoline",1364,140,200,10.9,5.7,134,1228,161,"NO","YES","YES","YES"
"942",27400," Diesel",1598,136,320,10.9,3.8,99,1842,89,"NO","YES","YES","YES"
"943",30500," Diesel",1598,136,320,10.9,3.8,99,1842,89,"NO","YES","YES","YES"
"944",20000," Gasoline",1364,140,200,9.9,5.9,138,881,166,"NO","YES","YES","YES"
"945",24500," Gasoline",1364,140,200,9.9,6.4,144,812,266,"NO","YES","YES","YES"
"946",28100," Gasoline",1399,152,245,9.7,6.4,148,812,274,"NO","YES","YES","YES"
"947",21900," Diesel",1598,110,300,12.5,4.1,106,1268,104,"NO","YES","YES","YES"
"948",25500," Diesel",1598,136,320,10.3,4.5,119,1156,117,"NO","YES","YES","YES"
"949",27400," Diesel",1598,136,320,9.9,4.1,106,1268,104,"NO","YES","YES","YES"
"950",11300," Gasoline",998,72,95,14.3,3.8,88,921,0,"YES","NO","NO","NO"
"951",11700," Gasoline",998,72,95,14.3,3.8,88,921,0,"YES","NO","NO","NO"
"952",12400," Gasoline",998,72,95,14.3,3.8,88,921,0,"YES","NO","NO","NO"
"953",12600," Gasoline",998,72,95,14.3,4.2,97,833,87,"YES","NO","NO","NO"
"954",13400," Gasoline",998,72,95,14.3,3.8,88,921,0,"YES","NO","NO","NO"
"955",19900," Gasoline",1199,100,205,10.9,5.5,122,800,146,"NO","YES","YES","YES"
"956",21400," Gasoline",1199,130,230,8.9,5.7,129,772,155,"NO","YES","YES","YES"
"957",21900," Gasoline",1199,100,205,10.9,5.5,122,800,146,"NO","YES","YES","YES"
"958",25000," Gasoline",1199,130,230,8.9,5.7,129,772,155,"NO","YES","YES","YES"
"959",25000," Gasoline",1199,130,230,9.1,6.2,137,710,164,"NO","YES","YES","YES"
"960",27400," Gasoline",1199,130,230,9.1,6.2,137,710,164,"NO","YES","YES","YES"
"961",27400," Gasoline",1199,130,230,8.9,5.7,129,772,155,"NO","YES","YES","YES"
"962",36400," Gasoline",1199,155,240,8.2,5.2,140,846,168,"NO","YES","YES","YES"
"963",21400," Diesel",1499,100,250,11.4,4.5,118,978,116,"NO","YES","YES","YES"
"964",25400," Diesel",1499,100,250,11.4,4.5,118,978,116,"NO","YES","YES","YES"
"966",13580," Gasoline",1199,75,118,13.2,4.1,93,976,84,"YES","NO","NO","YES"
"967",14950," Gasoline",1199,75,118,13.2,4.1,93,976,84,"YES","NO","NO","YES"
"968",16200," Gasoline",1199,100,205,9.9,4.2,97,1048,87,"YES","NO","NO","YES"
"969",16300," Gasoline",1199,75,118,13.2,4.1,93,976,84,"NO","YES","YES","YES"
"970",17100," Gasoline",1199,100,205,9.9,4.2,97,1048,87,"NO","YES","YES","YES"
"971",17200," Gasoline",1199,100,205,10.8,4.3,99,1023,89,"YES","NO","NO","YES"
"972",19500," Gasoline",1199,100,205,10.8,4.3,99,1023,89,"NO","YES","YES","YES"
"973",21100," Gasoline",1199,100,205,9.9,4.2,97,1048,87,"NO","YES","YES","YES"
"974",21700," Gasoline",1199,100,205,10.8,4.3,99,1023,89,"NO","YES","YES","YES"
"975",21700," Gasoline",1199,129,230,8.7,4.4,103,1000,101,"NO","YES","YES","YES"
"976",16500," Diesel",1499,75,250,10.2,3.3,86,1242,0,"YES","NO","NO","YES"
"977",17200," Diesel",1499,75,250,10.2,3.3,86,1242,0,"YES","NO","NO","YES"
"978",19400," Diesel",1499,75,250,10.2,3.3,86,1242,0,"NO","YES","YES","YES"
"979",21600," Diesel",1499,75,250,10.2,3.3,86,1242,0,"NO","YES","YES","YES"
"980",26400," Gasoline",1199,130,230,9.5,5.1,119,1039,117,"YES","NO","YES","YES"
"981",27200," Gasoline",1199,130,230,9.5,5.1,119,1039,117,"NO","YES","YES","YES"
"982",32400," Gasoline",1199,130,230,9.5,5.1,119,1039,117,"NO","YES","YES","YES"
"983",32200," Diesel",1499,130,300,10.8,4.3,111,1233,109,"NO","YES","YES","YES"
"984",34200," Diesel",1499,130,300,10.8,4.3,111,1233,109,"NO","YES","YES","YES"
"985",35900," Gasoline",1598,180,250,8,5.8,131,914,157,"NO","YES","YES","YES"
"986",36700," Gasoline",1598,180,250,8,5.8,131,914,157,"NO","YES","YES","YES"
"987",46900," Diesel",1997,180,400,8.9,4.8,124,1104,149,"NO","YES","YES","YES"
"989",15150," Diesel",1499,100,250,11.2,4.3,112,1163,110,"YES","NO","NO","NO"
"990",16450," Diesel",1499,100,250,11.2,4.3,112,1163,110,"YES","NO","YES","NO"
"991",17450," Diesel",1499,100,250,11.2,4.3,112,1163,110,"NO","YES","YES","YES"
"992",16900," Gasoline",1199,110,205,11.1,4.6,105,1152,103,"YES","NO","YES","YES"
"993",21000," Gasoline",1199,130,230,9.6,4.6,107,1152,105,"YES","NO","YES","YES"
"994",19500," Diesel",1499,100,250,11.5,3.7,98,1432,88,"NO","YES","NO","YES"
"995",21300," Diesel",1499,100,250,11.5,3.7,98,1432,88,"NO","YES","YES","YES"
"996",21600," Diesel",1499,130,300,9.8,3.5,93,1514,84,"NO","YES","YES","YES"
"997",35000," Gasoline",1598,225,285,7.5,5.6,130,946,156,"NO","YES","YES","YES"
"998",35000," Diesel",1997,181,400,8.4,4,103,1325,101,"NO","YES","YES","YES"
"999",27400," Diesel",1499,130,300,11.4,4.2,108,1333,106,"YES","NO","YES","YES"
"1000",33000," Diesel",1499,130,300,11.4,4.2,108,1333,106,"NO","YES","YES","YES"
"1001",35200," Diesel",1499,130,300,11.4,4.2,108,1333,106,"NO","YES","YES","YES"
"1002",27400," Gasoline",1598,130,230,10.9,5.1,117,1098,115,"YES","NO","YES","YES"
"1003",32000," Gasoline",1598,130,230,10.9,5.1,117,1098,115,"NO","YES","YES","YES"
"1004",34500," Gasoline",1598,130,230,10.9,5.1,117,1098,115,"NO","YES","YES","YES"
"1005",29900," Diesel",1499,130,300,9.7,3.9,104,1410,102,"YES","NO","YES","YES"
"1006",33500," Diesel",1499,130,300,9.7,3.9,104,1410,102,"NO","YES","YES","YES"
"1007",35500," Diesel",1499,130,300,10,3.8,102,1447,100,"NO","YES","YES","YES"
"1008",36000," Diesel",1499,130,300,9.7,3.9,104,1410,102,"NO","YES","YES","YES"
"1009",41000," Diesel",1499,130,300,10,3.8,102,1447,100,"NO","YES","YES","YES"
"1010",41500," Diesel",1499,130,300,9.7,3.9,104,1410,102,"NO","YES","YES","YES"
"1011",43500," Diesel",1499,130,300,10,3.8,102,1447,100,"NO","YES","YES","YES"
"1012",36500," Gasoline",1598,180,250,7.9,5.4,125,1148,150,"NO","YES","YES","YES"
"1013",42000," Gasoline",1598,180,250,7.9,5.4,125,1148,150,"NO","YES","YES","YES"
"1014",44500," Gasoline",1598,180,250,7.9,5.4,125,1148,150,"NO","YES","YES","YES"
"1015",53000," Gasoline",1598,225,300,7.3,5.7,124,1088,149,"NO","YES","YES","YES"
"1016",53000," Diesel",1997,180,400,8.3,4.7,131,1170,157,"NO","YES","YES","YES"
"1017",75150," Gasoline",1998,300,380,5.1,7.4,168,730,412,"NO","YES","NO","YES"
"1018",77950," Gasoline",1998,300,380,5.1,7.4,168,730,412,"NO","YES","NO","YES"
"1019",94300," Gasoline",2497,350,420,4.6,8.1,184,790,512,"NO","YES","NO","YES"
"1020",97200," Gasoline",2497,350,420,4.6,8.1,184,790,512,"NO","YES","NO","YES"
"1021",140750," Gasoline",2981,370,450,4.6,8.3,190,771,528,"NO","YES","NO","YES"
"1022",156950," Gasoline",2981,370,450,4.5,8.7,201,782,613,"NO","YES","NO","YES"
"1023",160850," Gasoline",2981,420,500,4.3,8.7,199,736,553,"NO","YES","NO","YES"
"1024",177800," Gasoline",2981,420,500,4.2,8.9,204,764,622,"NO","YES","NO","YES"
"1025",262400," Gasoline",3800,540,710,3,9.1,212,747,647,"NO","YES","NO","YES"
"1026",303950," Gasoline",3800,580,750,2.9,9.1,212,747,647,"NO","YES","NO","YES"
"1027",289100," Gasoline",3996,500,460,3.3,12.7,296,504,1101,"NO","YES","NO","YES"
"1028",86900," Diesel",2967,258,580,6.3,6.1,159,984,294,"NO","YES","YES","YES"
"1029",92800," Gasoline",2997,340,460,5.4,8.7,204,747,622,"NO","YES","YES","YES"
"1030",126450," Gasoline",3604,400,550,4.8,8.9,208,730,634,"NO","YES","YES","YES"
"1031",129300,"Hybrid",2984,462,700,4.6,2.5,56,3000,0,"NO","YES","YES","YES"
"1032",165000," Gasoline",2984,440,550,4.4,8.2,186,915,517,"NO","YES","YES","YES"
"1033",128000," Gasoline",2995,330,450,5.7,7.6,173,987,424,"NO","YES","YES","YES"
"1034",133600," Gasoline",2995,330,450,5.5,7.8,177,962,434,"NO","YES","YES","YES"
"1035",231200," Gasoline",3996,550,770,3.8,9.4,214,798,653,"NO","YES","YES","YES"
"1036",57100," Mild-Hybird",1997,200,320,8.5,7.7,176,870,431,"NO","YES","YES","YES"
"1037",62200," Mild-Hybird",1997,249,365,7.5,7.9,180,848,441,"NO","YES","YES","YES"
"1038",68600," Mild-Hybird",1997,300,400,6.6,8.1,186,827,517,"NO","YES","YES","YES"
"1039",55100," Diesel Mild-Hybird",1999,150,380,11.2,5.6,149,1161,276,"NO","YES","YES","YES"
"1040",55400," Diesel",1999,150,380,10.5,5.4,143,1204,265,"NO","YES","YES","YES"
"1041",57600," Diesel Mild-Hybird",1999,180,430,9.3,5.7,150,1140,278,"NO","YES","YES","YES"
"1042",61000," Diesel Mild-Hybird",1999,240,500,7.7,6.2,163,1048,399,"NO","YES","YES","YES"
"1043",80400," Gasoline",1997,300,400,6,7.8,178,808,436,"NO","YES","YES","YES"
"1044",89100," Gasoline",1997,300,400,6,7.8,178,808,436,"NO","YES","YES","YES"
"1045",74000," Diesel",1999,180,430,8.9,5.4,142,1111,263,"NO","YES","YES","YES"
"1046",79800," Diesel",1999,240,500,7.3,5.8,154,1034,285,"NO","YES","YES","YES"
"1047",82600," Diesel",1999,180,430,8.9,5.4,142,1111,263,"NO","YES","YES","YES"
"1048",88400," Diesel",1999,240,500,7.3,5.8,154,1034,285,"NO","YES","YES","YES"
"1049",89400," Diesel",2993,300,400,6.5,6.4,178,1031,436,"NO","YES","YES","YES"
"1050",98200," Diesel",2993,300,400,6.5,6.4,178,1031,436,"NO","YES","YES","YES"
"1051",95600," Gasoline",2995,380,450,5.7,9.4,214,670,653,"NO","YES","YES","YES"
"1052",104900," Gasoline",2995,380,450,5.7,9.4,214,670,653,"NO","YES","YES","YES"
"1053",16880," Gasoline",999,101,160,13.3,5.9,133,814,160,"YES","NO","YES","YES"
"1055",17730," Gasoline",999,101,160,13.3,5.9,133,814,160,"YES","NO","YES","YES"
"1057",20550," Gasoline",999,101,160,13.3,5.9,133,814,160,"NO","YES","YES","YES"
"1059",20800," Gasoline",1333,131,240,10.6,6.2,141,774,261,"YES","NO","YES","YES"
"1060",22330," Gasoline",1333,131,240,10.6,6.2,141,774,261,"NO","YES","YES","YES"
"1061",22330," Gasoline",1333,131,240,9.6,6.2,139,774,167,"YES","NO","YES","YES"
"1062",26650," Gasoline",1333,131,240,9.6,6.2,139,774,167,"NO","YES","YES","YES"
"1063",32880," Gasoline",1333,154,270,8.6,6.2,139,774,167,"NO","YES","YES","YES"
"1065",20850," Diesel",1461,116,260,11.9,4.7,123,1021,148,"YES","NO","YES","YES"
"1066",21850," Diesel",1461,116,260,11.9,4.7,123,1021,148,"YES","NO","YES","YES"
"1068",25490," Diesel",1461,116,260,11.9,4.7,123,1021,148,"NO","YES","YES","YES"
"1069",25650," Diesel",1461,116,260,11,4.6,122,1043,146,"YES","NO","YES","YES"
"1070",29850," Diesel",1461,116,260,11,4.6,122,1043,146,"NO","YES","YES","YES"
"1071",32950," Diesel",1461,116,260,11,4.6,122,1043,146,"NO","YES","YES","YES"
"1073",14690," Gasoline",999,100,160,11.8,4.4,100,955,90,"YES","NO","YES","YES"
"1075",15540," Gasoline",999,100,160,11.8,4.4,100,955,90,"YES","NO","YES","YES"
"1076",16490," Gasoline",999,100,160,11.8,4.4,100,955,90,"NO","YES","YES","YES"
"1079",20790," Gasoline",1333,130,240,9,5.2,119,808,117,"NO","YES","YES","YES"
"1080",21740," Gasoline",1333,130,240,9,5.2,119,808,117,"NO","YES","YES","YES"
"1081",25980," Gasoline",1333,130,240,9,5.2,119,808,117,"NO","YES","YES","YES"
"1082",14790," Diesel",1461,85,220,14.7,3.6,95,1083,86,"YES","NO","YES","YES"
"1083",17080," Diesel",1461,85,220,14.7,3.6,95,1083,86,"NO","YES","YES","YES"
"1084",19790," Diesel",1461,115,260,9.9,3.6,95,1083,86,"NO","YES","YES","YES"
"1085",21620," Diesel",1461,115,260,9.9,3.6,95,1083,86,"NO","YES","YES","YES"
"1086",24980," Diesel",1461,115,260,9.9,3.6,95,1083,86,"NO","YES","YES","YES"
"1087",20850," Gasoline",1197,130,205,10.1,5.6,126,982,151,"YES","NO","YES","YES"
"1088",22090," Gasoline",1197,130,205,10.1,5.6,126,982,151,"NO","YES","YES","YES"
"1089",22340," Diesel",1461,110,260,11.9,3.8,99,1447,89,"YES","NO","YES","YES"
"1090",25490," Diesel",1461,110,260,11.9,3.8,99,1447,89,"NO","YES","YES","YES"
"1091",27220," Diesel",1461,110,260,11.7,3.8,99,1447,89,"NO","YES","YES","YES"
"1092",30760," Diesel",1461,110,260,11.7,3.8,99,1447,89,"NO","YES","YES","YES"
"1093",29560," Diesel",1598,130,320,9.9,4.3,113,1279,111,"NO","YES","YES","YES"
"1094",31340," Diesel",1598,130,320,9.9,4.3,113,1279,111,"NO","YES","YES","YES"
"1095",32420," Diesel",1598,130,320,10.5,4.8,126,1146,151,"NO","YES","YES","YES"
"1096",34030," Diesel",1598,130,320,10.5,4.8,126,1146,151,"NO","YES","YES","YES"
"1097",17150," Gasoline",1198,100,175,12.3,5.4,120,870,118,"YES","NO","YES","YES"
"1098",19480," Gasoline",1198,100,175,12.3,5.4,120,870,118,"NO","YES","YES","YES"
"1099",21450," Gasoline",1198,130,205,10.6,5.5,123,855,148,"YES","NO","YES","YES"
"1100",23950," Gasoline",1198,130,205,10.6,5.5,123,855,148,"NO","YES","YES","YES"
"1101",18890," Diesel",1461,90,220,13.4,3.7,95,1270,86,"YES","NO","YES","YES"
"1102",19980," Diesel",1461,90,220,13.4,3.7,95,1270,86,"NO","YES","YES","YES"
"1103",20480," Diesel",1461,90,220,13.4,3.7,95,1270,86,"YES","NO","YES","YES"
"1104",20890," Diesel",1461,110,260,11.3,3.9,100,1205,90,"NO","YES","YES","YES"
"1105",21390," Diesel",1461,110,260,11.3,3.9,100,1205,90,"YES","NO","YES","YES"
"1106",26200," Diesel",1598,130,320,10,4,105,1175,103,"NO","YES","YES","YES"
"1111",12910," Gasoline",898,90,135,10.8,4.3,99,814,89,"YES","NO","NO","YES"
"1112",10840," Gasoline",999,70,91,14.5,4.5,95,778,86,"YES","NO","NO","NO"
"1113",11780," Gasoline",999,70,91,14.5,4.5,95,778,86,"YES","NO","NO","YES"
"1114",32955," Gasoline",1390,150,240,10.7,7.2,167,972,409,"NO","YES","YES","YES"
"1115",34955," Gasoline",1390,150,240,9.9,7.6,178,921,436,"NO","YES","YES","YES"
"1116",15245," Gasoline",999,95,175,11.4,4.9,111,816,109,"YES","NO","NO","NO"
"1117",16455," Gasoline",999,95,175,11.4,4.9,111,816,109,"YES","NO","YES","NO"
"1118",16855," Gasoline",999,115,200,9.8,4.9,113,816,111,"YES","NO","YES","NO"
"1120",19055," Gasoline",999,115,200,10,5,113,800,111,"YES","NO","YES","NO"
"1121",19455," Gasoline",999,115,200,9.8,4.9,113,816,111,"NO","YES","YES","YES"
"1122",19455," Gasoline",999,115,200,9.8,4.9,113,816,111,"NO","YES","YES","YES"
"1123",21200," Gasoline",999,115,200,10,5,113,800,111,"NO","YES","YES","YES"
"1124",19950," Gasoline",1498,150,250,8.3,5.1,115,784,113,"NO","YES","YES","YES"
"1125",16850," Diesel",1598,95,250,11.9,4,105,1000,103,"YES","NO","NO","NO"
"1126",17250," Diesel",1598,95,250,11.9,4,105,1000,103,"YES","YES","NO","NO"
"1127",17250," Diesel",1598,115,250,10.1,4.1,108,976,106,"YES","NO","YES","NO"
"1128",20155," Diesel",1598,115,250,10.1,4.1,108,976,106,"NO","YES","YES","YES"
"1129",20155," Diesel",1598,115,250,10.1,4.1,108,976,106,"NO","YES","YES","YES"
"1130",20700," Gasoline",999,115,200,10.7,5.4,122,926,146,"YES","NO","YES","NO"
"1131",21850," Gasoline",999,115,200,10.7,5.4,122,926,146,"NO","YES","YES","YES"
"1132",26055," Gasoline",1395,150,250,8.5,5.3,122,943,146,"NO","YES","YES","YES"
"1133",26600," Gasoline",1498,150,250,8.5,5.5,126,1000,151,"NO","YES","YES","YES"
"1134",27655," Diesel",1498,150,250,8.6,5.7,129,965,155,"NO","YES","YES","YES"
"1135",32400," Gasoline",1498,150,250,8.5,5.5,126,1000,151,"NO","YES","YES","YES"
"1136",32855," Gasoline",1498,150,250,9.2,6.5,149,846,276,"NO","YES","YES","YES"
"1137",33255," Diesel",1498,150,250,8.6,5.7,129,965,155,"NO","YES","YES","YES"
"1138",34855," Gasoline",1498,150,250,9.2,6.5,149,846,276,"NO","YES","YES","YES"
"1139",21655," Diesel",1598,115,250,11.5,4.3,113,1163,111,"YES","NO","YES","NO"
"1140",22155," Diesel",1598,115,250,11.5,4.3,113,1163,111,"NO","YES","YES","YES"
"1141",12405," Gasoline",999,75,95,14.7,4.9,112,816,110,"YES","NO","NO","YES"
"1142",13855," Gasoline",999,95,175,10.9,4.7,106,851,104,"YES","NO","YES","YES"
"1143",14355," Gasoline",999,115,200,9.3,4.7,108,851,106,"YES","NO","YES","YES"
"1144",15405," Gasoline",999,115,200,9.3,4.7,108,851,106,"NO","YES","YES","YES"
"1145",15905," Gasoline",999,115,200,9.3,4.7,108,851,106,"NO","YES","YES","YES"
"1146",15905," Gasoline",999,95,175,10.9,4.7,106,851,104,"NO","YES","YES","YES"
"1162",9100," Gasoline",999,60,95,14.4,4.5,105,778,103,"YES","NO","NO","NO"
"1163",9500," Gasoline",999,60,95,14.4,4.5,105,778,103,"YES","NO","NO","NO"
"1164",9700," Gasoline",999,60,95,14.4,4.5,105,778,103,"YES","NO","NO","NO"
"1165",10100," Gasoline",999,60,95,14.4,4.1,95,854,86,"YES","NO","NO","NO"
"1166",10100," Gasoline",999,60,95,14.4,4.5,105,778,103,"YES","NO","NO","NO"
"1167",10500," Gasoline",999,60,95,14.4,4.1,95,854,86,"YES","NO","NO","NO"
"1168",31500," Gasoline",1498,150,250,9.7,5.9,134,983,161,"NO","YES","YES","YES"
"1169",35000," Gasoline",1498,150,250,9.7,5.9,134,983,161,"NO","YES","YES","YES"
"1170",31750," Diesel",1598,150,340,9.8,4.9,127,1184,152,"NO","YES","YES","YES"
"1171",35000," Diesel",1598,150,340,9.8,4.9,127,1184,152,"NO","YES","YES","YES"
"1172",37500," Diesel",1968,150,340,9.8,5.3,140,1132,168,"NO","YES","YES","YES"
"1173",41900," Diesel",1968,150,340,9.8,5.3,140,1132,168,"NO","YES","YES","YES"
"1174",43500," Diesel",1968,190,400,8,5.6,147,1071,272,"NO","YES","YES","YES"
"1175",42500," Gasoline",1984,190,320,8,7.3,166,822,407,"NO","YES","YES","YES"
"1177",10980," Gasoline",999,75,95,14.7,4.8,108,938,106,"YES","NO","NO","YES"
"1178",11980," Gasoline",999,75,95,14.7,4.8,108,938,106,"YES","NO","YES","YES"
"1179",11980," Gasoline",999,95,160,10.6,4.4,101,1023,99,"YES","NO","NO","YES"
"1180",12480," Gasoline",999,110,200,9.5,4.4,103,1023,101,"YES","NO","NO","YES"
"1181",12980," Gasoline",999,95,160,10.6,4.4,101,1023,99,"YES","NO","YES","YES"
"1182",14880," Gasoline",999,110,200,9.5,4.4,103,1023,101,"YES","NO","YES","YES"
"1183",14900," Gasoline",999,110,200,9.5,4.4,103,1023,101,"YES","NO","YES","YES"
"1184",14880," Diesel",1422,90,230,11.1,3.4,88,1324,0,"YES","NO","NO","YES"
"1185",15900," Gasoline",999,95,175,11.1,5.1,114,980,112,"YES","NO","YES","YES"
"1186",17470," Gasoline",999,95,175,11.1,5.1,114,980,112,"NO","YES","YES","YES"
"1187",18600," Gasoline",999,116,200,9.9,5.3,120,943,118,"NO","YES","YES","YES"
"1188",18900," Gasoline",999,116,200,10,5.5,125,909,150,"YES","NO","YES","YES"
"1189",18900," Gasoline",999,95,175,11.1,5.1,114,980,112,"NO","YES","YES","YES"
"1190",19900," Gasoline",999,116,200,9.9,5.3,120,943,118,"NO","YES","YES","YES"
"1191",20200," Gasoline",999,116,200,10,5.5,125,909,150,"NO","YES","YES","YES"
"1192",21300," Gasoline",999,116,200,10,5.5,125,909,150,"NO","YES","YES","YES"
"1193",21600," Gasoline",1498,150,250,8.4,6.2,116,806,114,"NO","YES","YES","YES"
"1194",21970," Gasoline",1498,150,250,8.4,6.2,116,806,114,"NO","YES","YES","YES"
"1195",21970," Diesel",1598,116,250,10.4,5,112,1000,110,"NO","YES","YES","YES"
"1196",24700," Diesel",1598,116,250,10.4,5,112,1000,110,"NO","YES","YES","YES"
"1197",19480," Gasoline",999,116,200,10.6,5.2,117,962,115,"YES","NO","YES","YES"
"1198",20481," Gasoline",999,116,200,10.6,5.2,117,962,115,"YES","NO","YES","YES"
"1199",22080," Gasoline",1498,150,250,8.4,5.4,122,926,146,"YES","NO","YES","YES"
"1200",26980," Gasoline",1498,150,250,8.4,5.4,122,926,146,"NO","YES","YES","YES"
"1201",21280," Diesel",1598,116,250,10.7,4.5,118,1111,116,"YES","NO","YES","YES"
"1202",21969," Diesel",1598,116,250,10.7,4.5,118,1111,116,"YES","NO","YES","YES"
"1203",26879," Diesel",1598,116,250,10.7,4.5,118,1111,116,"NO","YES","YES","YES"
"1204",32980," Diesel",1968,150,340,8.7,5,131,1000,157,"NO","YES","YES","YES"
"1205",25980," Gasoline",1498,150,250,9.8,6.8,155,882,287,"NO","YES","YES","YES"
"1206",31580," Gasoline",1498,150,250,9.8,6.8,155,882,287,"NO","YES","YES","YES"
"1207",41980," Diesel",1968,190,400,8.9,5.7,150,1018,278,"NO","YES","YES","YES"
"1209",21800," Gasoline",1498,150,250,8.2,5.6,127,804,152,"NO","YES","YES","YES"
"1210",23800," Gasoline",1498,150,250,8.2,5.6,127,804,152,"NO","YES","YES","YES"
"1211",21800," Diesel",1968,116,300,10.3,4.3,113,1047,111,"YES","NO","YES","YES"
"1212",26950," Diesel",1968,150,360,8.7,4.5,119,1000,117,"NO","YES","YES","YES"
"1213",29500," Diesel",1968,150,360,8.7,4.5,119,1000,117,"NO","YES","YES","YES"
"1214",16980," Diesel",1598,116,250,10,4.1,107,1341,105,"YES","NO","YES","YES"
"1215",17470," Diesel",1598,116,250,10,4.1,107,1341,105,"NO","YES","YES","YES"
"1216",14580," Gasoline",999,95,160,11,4.5,103,1222,101,"YES","NO","YES","YES"
"1217",15580," Gasoline",999,95,160,11,4.5,103,1222,101,"NO","YES","YES","YES"
"1221",17380," Gasoline",999,116,200,9.8,5,113,1000,111,"YES","NO","YES","YES"
"1223",18780," Gasoline",999,116,200,9.8,5,113,1000,111,"NO","YES","YES","YES"
"1226",20480," Gasoline",1498,150,250,8.2,5,113,1000,111,"YES","NO","YES","YES"
"1227",21480," Gasoline",1498,150,250,8.2,5,113,1000,111,"NO","YES","YES","YES"
"1228",21480," Diesel",1598,116,250,10.3,4.1,108,1220,106,"YES","NO","YES","YES"
"1229",21970," Diesel",1598,116,250,10.3,4.1,108,1220,106,"NO","YES","YES","YES"
"1230",21870," Gasoline",1395,150,250,8.6,4.8,112,1375,110,"NO","YES","YES","YES"
"1231",27380," Gasoline",1395,150,250,8.6,4.8,112,1375,110,"NO","YES","YES","YES"
"1234",26480," Diesel",1598,120,250,10.9,4,103,1650,101,"NO","YES","YES","YES"
"1235",27380," Diesel",1598,120,250,10.9,4,103,1650,101,"NO","YES","YES","YES"
"1236",29980," Diesel",1968,150,340,8.8,4,105,1650,103,"NO","YES","YES","YES"
"1237",31880," Diesel",1968,150,340,8.8,4,105,1650,103,"NO","YES","YES","YES"
"1238",38790," Gasoline",1998,200,205,7.6,6.9,159,725,294,"NO","YES","NO","YES"
"1239",39950," Mild-Hybird",1995,150,194,11.8,6.7,154,716,285,"NO","YES","YES","YES"
"1240",43950," Mild-Hybird",1995,150,194,11.8,6.7,154,716,285,"NO","YES","YES","YES"
"1241",48950," Mild-Hybird",1995,150,194,11.8,6.7,154,716,285,"NO","YES","YES","YES"
"1242",25950," Gasoline",1600,114,150,12.4,6.2,140,1016,168,"NO","YES","YES","YES"
"1243",28185," Gasoline",1600,114,150,12.4,6.2,140,1016,168,"NO","YES","YES","YES"
"1244",28635," Gasoline",1600,114,150,12.4,6.2,140,1016,168,"NO","YES","YES","YES"
"1245",59350," Gasoline",1998,150,350,9.7,6.3,166,1032,407,"NO","YES","YES","YES"
"1246",28185," Mild-Hybird",1600,114,150,13.9,6.9,157,913,290,"NO","YES","YES","YES"
"1247",31950," Mild-Hybird",1600,114,150,13.9,6.9,157,913,290,"NO","YES","YES","YES"
"1248",37500," Mild-Hybird",1600,114,150,13.9,6.9,157,913,290,"NO","YES","YES","YES"
"1249",37740," Mild-Hybird",1600,114,150,13.9,6.9,157,913,290,"NO","YES","YES","YES"
"1250",37500," Mild-Hybird",1995,150,194,10.7,6.5,149,738,276,"NO","YES","YES","YES"
"1251",39500," Mild-Hybird",1995,150,194,10.7,6.5,149,738,276,"NO","YES","YES","YES"
"1252",40950," Mild-Hybird",1995,150,194,10.7,6.5,149,738,276,"NO","YES","YES","YES"
"1253",13030," Mild-Hybird",1242,90,120,11.8,4.3,98,744,88,"YES","NO","NO","YES"
"1254",14450," Mild-Hybird",1242,90,120,11.8,4.3,98,744,88,"YES","NO","NO","YES"
"1255",14780," Mild-Hybird",1242,90,120,11.5,4.6,105,696,103,"YES","NO","NO","YES"
"1256",15900," Mild-Hybird",1242,90,120,11.5,4.6,105,696,103,"YES","NO","NO","YES"
"1257",15920," Mild-Hybird",1242,90,120,11.8,4.3,98,744,88,"NO","YES","YES","YES"
"1258",17580," Mild-Hybird",1242,90,120,11.5,4.6,105,696,103,"NO","YES","YES","YES"
"1259",13350," Mild-Hybird",1197,83,107,13.1,3.9,88,949,0,"YES","NO","YES","YES"
"1260",14740," Mild-Hybird",1197,83,107,13.1,3.9,88,949,0,"YES","NO","NO","YES"
"1261",16000," Mild-Hybird",1197,83,107,13.8,4.2,95,881,86,"YES","YES","NO","YES"
"1262",16210," Mild-Hybird",1197,83,107,13.1,3.9,88,949,0,"NO","YES","YES","YES"
"1263",17220," Mild-Hybird",1197,83,107,13.8,4.2,95,881,86,"NO","YES","YES","YES"
"1264",21130," Mild-Hybird",1373,140,230,8.1,5.6,125,661,150,"NO","YES","YES","YES"
"1265",18810," Mild-Hybird",1373,129,235,9.5,5.2,104,904,102,"NO","YES","YES","YES"
"1266",20310," Mild-Hybird",1373,129,235,9.5,5.2,104,904,102,"NO","YES","YES","YES"
"1267",22140," Mild-Hybird",1373,129,235,9.5,5.2,104,904,102,"NO","YES","YES","YES"
"1268",22600," Mild-Hybird",1373,129,235,10.2,5.7,110,825,108,"NO","YES","YES","YES"
"1269",25920," Mild-Hybird",1373,129,235,10.2,5.7,110,825,108,"NO","YES","YES","YES"
"1270",27920," Mild-Hybird",1373,129,235,10.2,5.7,110,825,108,"NO","YES","YES","YES"
"1277",18755," Gasoline",1598,132,160,10.4,6.1,142,984,263,"YES","NO","NO","YES"
"1278",21575," Gasoline",1598,132,160,10.4,6.1,142,984,263,"NO","YES","YES","YES"
"1279",23995," Diesel",1598,112,270,11.4,4.2,108,1429,106,"YES","NO","NO","YES"
"1280",26370," Diesel",1598,112,270,11.4,4.2,108,1429,106,"NO","YES","YES","YES"
"1281",9720," Gasoline",998,69,95,14.2,4.1,95,854,86,"YES","NO","NO","NO"
"1282",10060," Gasoline",998,69,95,14.2,4.1,95,854,86,"YES","NO","NO","NO"
"1283",10080," Gasoline",998,69,95,14.2,4.1,95,854,86,"YES","NO","NO","NO"
"1284",10415," Gasoline",998,69,95,14.2,4.1,95,854,86,"YES","NO","NO","NO"
"1285",10620," Gasoline",998,69,95,14.2,4.1,95,854,86,"YES","NO","NO","NO"
"1286",10960," Gasoline",998,69,95,14.2,4.1,95,854,86,"NO","NO","NO","NO"
"1287",11250," Gasoline",998,69,95,14.2,4.1,95,854,86,"YES","NO","NO","NO"
"1288",21270," Gasoline",1197,116,185,10.9,6.1,138,820,166,"NO","YES","YES","YES"
"1289",22450," Gasoline",1197,116,185,10.9,6.1,138,820,166,"NO","YES","YES","YES"
"1290",24070,"Hybrid",1798,122,163,11,3.8,86,1132,0,"NO","YES","YES","YES"
"1291",25600,"Hybrid",1798,122,163,11,3.8,86,1132,0,"NO","YES","YES","YES"
"1292",29050,"Hybrid",1798,122,163,11,3.8,86,1132,0,"NO","YES","YES","YES"
"1293",29050,"Hybrid",1987,184,202,8.2,4,92,1075,83,"NO","YES","YES","YES"
"1294",31050,"Hybrid",1987,184,202,8.2,4,92,1075,83,"NO","YES","YES","YES"
"1295",31050,"Hybrid",1987,184,202,8.2,4,92,1075,83,"NO","YES","YES","YES"
"1296",17600," Gasoline",1197,114,185,9.3,5.2,119,962,117,"NO","YES","YES","YES"
"1297",19170," Gasoline",1197,114,185,9.3,5.2,119,962,117,"NO","YES","YES","YES"
"1298",20570," Gasoline",1197,114,185,9.3,5.2,119,962,117,"NO","YES","YES","YES"
"1299",21670," Gasoline",1197,114,185,9.3,5.2,119,962,117,"NO","YES","YES","YES"
"1300",22435," Gasoline",1197,114,185,9.3,5.2,119,962,117,"NO","YES","YES","YES"
"1301",20970,"Hybrid",1798,122,142,10.9,3.3,76,1303,0,"NO","YES","YES","YES"
"1302",21345,"Hybrid",1798,122,142,10.9,3.3,76,1303,0,"NO","YES","YES","YES"
"1303",22870,"Hybrid",1798,122,142,10.9,3.3,76,1303,0,"NO","YES","YES","YES"
"1304",24570,"Hybrid",1798,122,142,10.9,3.3,76,1303,0,"NO","YES","YES","YES"
"1305",25645,"Hybrid",1798,122,142,10.9,3.3,76,1303,0,"NO","YES","YES","YES"
"1306",25660,"Hybrid",1987,180,190,7.9,3.7,85,1162,0,"NO","YES","YES","YES"
"1307",27670,"Hybrid",1987,180,190,7.9,3.7,85,1162,0,"NO","YES","YES","YES"
"1308",30545,"Hybrid",1987,180,190,7.9,3.7,85,1162,0,"NO","YES","YES","YES"
"1309",36700," Gasoline",1998,200,205,7.6,7.8,181,641,503,"NO","YES","NO","YES"
"1310",44320," Gasoline",1998,200,205,7.6,7.8,181,641,503,"NO","YES","NO","YES"
"1311",46170," Gasoline",1998,200,205,8.2,7.1,164,704,402,"NO","YES","NO","YES"
"1312",29195,"Hybrid",1798,99,142,10.4,3.9,89,1154,0,"NO","YES","YES","YES"
"1313",31085,"Hybrid",1798,99,142,10.4,3.9,89,1154,0,"NO","YES","YES","YES"
"1314",34395,"Hybrid",1798,99,142,10.4,3.9,89,1154,0,"NO","YES","YES","YES"
"1315",25300," Gasoline",1987,151,195,9.9,7.2,167,833,409,"YES","NO","YES","YES"
"1316",29760," Gasoline",1987,151,195,9.9,7.2,167,833,409,"NO","YES","YES","YES"
"1317",36490," Gasoline",1987,151,195,9.9,7.2,167,833,409,"NO","YES","YES","YES"
"1318",26690," Diesel",1998,124,310,9.7,4.9,127,1224,152,"YES","NO","YES","YES"
"1319",30945," Diesel",1998,124,310,9.7,4.9,127,1224,152,"NO","YES","YES","YES"
"1320",37720,"Hybrid",2494,197,206,8.3,4.9,115,1224,113,"NO","YES","YES","YES"
"1321",39005,"Hybrid",2494,197,206,8.3,4.9,115,1224,113,"NO","YES","YES","YES"
"1322",39995,"Hybrid",2494,197,206,8.3,5,117,1200,115,"NO","YES","YES","YES"
"1323",42180,"Hybrid",2494,197,206,8.3,5,117,1200,115,"NO","YES","YES","YES"
"1324",43290,"Hybrid",2494,197,206,8.3,4.9,115,1224,113,"NO","YES","YES","YES"
"1325",45545,"Hybrid",2494,197,206,8.3,5,117,1200,115,"NO","YES","YES","YES"
"1326",13770," Gasoline",998,72,93,14.6,4.5,101,933,99,"YES","NO","NO","NO"
"1327",14870," Gasoline",998,72,93,14.6,4.5,101,933,99,"YES","NO","YES","NO"
"1328",15550," Gasoline",1490,121,153,9,5,113,840,111,"YES","NO","NO","NO"
"1329",16220," Gasoline",1490,121,153,9,5,113,840,111,"YES","NO","YES","NO"
"1330",16830," Gasoline",1490,121,153,9,5.1,117,824,115,"YES","NO","NO","NO"
"1331",17160," Gasoline",1490,121,153,9,5,113,840,111,"NO","YES","YES","YES"
"1332",17330,"Hybrid",1490,116,120,9.7,3,68,1200,0,"YES","NO","NO","NO"
"1333",17470," Gasoline",1490,121,153,9,5.1,117,824,115,"YES","NO","YES","NO"
"1334",18660," Gasoline",1490,121,153,9,5,113,840,111,"NO","YES","YES","YES"
"1335",18920,"Hybrid",1490,116,120,9.7,3,68,1200,0,"YES","NO","YES","NO"
"1337",20160,"Hybrid",1490,116,120,9.7,3,68,1200,0,"NO","YES","YES","YES"
"1338",20790,"Hybrid",1490,116,120,9.7,3,68,1200,0,"NO","YES","YES","YES"
"1351",21950," Gasoline",1395,125,200,9.7,5.3,123,1113,148,"NO","YES","YES","YES"
"1352",25450," Gasoline",1395,125,200,9.7,5.3,123,1113,148,"NO","YES","YES","YES"
"1353",27340," Gasoline",1395,125,200,9.7,5,116,1180,114,"NO","YES","YES","YES"
"1354",27340," Gasoline",1395,150,250,8.4,4.9,115,1347,113,"NO","YES","YES","YES"
"1355",32030," Gasoline",1395,150,250,8.4,5,117,1320,115,"NO","YES","YES","YES"
"1356",54220," Hybrid-Plug-in",1395,218,400,7.4,1.4,32,3571,0,"NO","YES","YES","YES"
"1357",26180," Diesel",1600,120,250,10.8,4,105,1475,103,"NO","YES","YES","YES"
"1358",27250," Diesel",1600,120,250,10.8,4,105,1475,103,"NO","YES","YES","YES"
"1359",27740," Diesel",1600,120,250,10.8,4,103,1475,101,"NO","YES","YES","YES"
"1360",29650," Diesel",1600,120,250,10.8,4,105,1475,103,"NO","YES","YES","YES"
"1361",30950," Diesel",1600,120,250,10.8,4,103,1475,101,"NO","YES","YES","YES"
"1362",30000," Diesel",2000,150,340,8.7,4,106,1650,104,"NO","YES","YES","YES"
"1363",25390," Gasoline",1395,125,200,9.9,5.3,124,1113,149,"NO","YES","YES","YES"
"1364",26900," Gasoline",1395,125,200,9.9,5.3,124,1113,149,"NO","YES","YES","YES"
"1365",31400," Gasoline",1395,150,250,8.6,5.1,119,1294,117,"NO","YES","YES","YES"
"1366",26900," Diesel",1600,120,250,11,4.1,107,1439,105,"NO","YES","YES","YES"
"1367",30450," Diesel",1600,120,250,11,4.1,107,1439,105,"NO","YES","YES","YES"
"1368",32000," Diesel",1600,120,250,11,4.1,107,1439,105,"NO","YES","YES","YES"
"1369",13900," Gasoline",999,75,95,14.9,4.7,108,851,106,"YES","NO","YES","YES"
"1370",14050," Gasoline",999,95,175,10.8,4.4,101,909,99,"YES","NO","YES","YES"
"1371",14700," Gasoline",999,95,175,10.8,4.4,101,909,99,"YES","NO","YES","YES"
"1373",16250," Gasoline",999,95,175,10.8,4.6,103,870,101,"YES","NO","YES","YES"
"1374",16300," Gasoline",999,115,200,9.5,4.7,107,851,105,"NO","YES","YES","YES"
"1375",17450," Gasoline",999,115,200,9.5,4.8,109,833,107,"NO","YES","YES","YES"
"1382",17400," Gasoline",999,95,175,11.5,5.1,112,784,110,"YES","NO","YES","YES"
"1383",18850," Gasoline",999,115,200,10.2,5,112,800,110,"YES","NO","YES","YES"
"1384",20250," Gasoline",999,115,200,10.2,5,112,800,110,"NO","YES","YES","YES"
"1385",20350," Gasoline",999,115,200,10.2,5,111,800,109,"YES","NO","YES","YES"
"1386",21800," Gasoline",999,115,200,10.2,5,111,800,109,"NO","YES","YES","YES"
"1387",20250," Diesel",1598,95,250,11.9,4.2,110,952,108,"YES","NO","YES","YES"
"1388",21700," Diesel",1598,95,250,12.5,4.2,110,952,108,"YES","NO","YES","YES"
"1389",21750," Diesel",1598,95,250,11.9,4.2,110,952,108,"NO","YES","YES","YES"
"1390",24650," Diesel",1598,95,250,12.5,4.2,110,952,108,"NO","YES","YES","YES"
"1391",24950," Gasoline",1395,125,200,10.5,6,137,967,164,"NO","YES","YES","YES"
"1392",25750," Gasoline",1395,130,220,10.2,5.6,128,1036,154,"NO","YES","YES","YES"
"1393",27680," Gasoline",1395,130,220,10.2,5.6,128,1036,154,"NO","YES","YES","YES"
"1394",31100," Gasoline",1395,150,250,9.2,6.8,153,853,283,"NO","YES","YES","YES"
"1395",27680," Gasoline",1498,150,250,9.3,6.3,143,921,265,"NO","YES","YES","YES"
"1396",31450," Gasoline",1498,150,250,9.2,6,136,967,163,"NO","YES","YES","YES"
"1397",31650," Gasoline",1498,150,250,9.3,6.3,143,921,265,"NO","YES","YES","YES"
"1398",33700," Gasoline",1498,150,250,9.2,6,136,967,163,"NO","YES","YES","YES"
"1399",35600," Gasoline",1498,150,250,9.2,6,136,967,163,"NO","YES","YES","YES"
"1401",34800," Diesel",1968,150,340,9.3,4.7,123,1234,148,"NO","YES","YES","YES"
"1407",21800," Gasoline",1197,110,175,11.3,5.4,124,1074,149,"YES","NO","YES","YES"
"1408",25450," Gasoline",1197,110,175,11.3,5.4,124,1074,149,"NO","YES","YES","YES"
"1409",30600," Gasoline",1395,150,250,8.9,5.6,130,1036,156,"NO","YES","YES","YES"
"1410",32200," Gasoline",1395,150,250,8.9,5.4,124,1074,149,"NO","YES","YES","YES"
"1411",26350," Diesel",1568,110,250,11.9,4.4,115,1318,113,"YES","NO","YES","YES"
"1412",27380," Diesel",1568,110,250,11.9,4.4,115,1318,113,"NO","YES","YES","YES"
"1413",19950," Gasoline",999,115,200,10.1,5.1,117,980,115,"NO","YES","YES","YES"
"1414",21400," Gasoline",999,115,200,10.1,5.1,117,980,115,"NO","YES","YES","YES"
"1415",24950," Gasoline",1498,150,250,8.4,5.3,121,943,145,"NO","YES","YES","YES"
"1416",25800," Gasoline",1498,150,250,8.4,5.4,123,926,148,"NO","YES","YES","YES"
"1417",26750," Gasoline",1498,150,250,8.4,5.3,121,943,145,"NO","YES","YES","YES"
"1418",27250," Gasoline",1498,150,250,8.4,5.4,123,926,148,"NO","YES","YES","YES"
"1419",21900," Diesel",1598,116,250,10.9,4.3,113,1163,111,"YES","NO","YES","YES"
"1420",25650," Diesel",1598,116,250,10.9,4.3,113,1163,111,"NO","YES","YES","YES"
"1421",33850," Gasoline",1984,190,320,7.2,6.7,153,746,283,"NO","YES","YES","YES"
"1425",24300," Gasoline",1498,150,240,9.5,5.5,129,1236,155,"NO","YES","YES","YES"
"1426",27060," Gasoline",1498,150,240,9.5,5.5,129,1236,155,"NO","YES","YES","YES"
"1427",28200," Gasoline",1498,150,240,9.5,5.5,129,1236,155,"NO","YES","YES","YES"
"1428",30615," Gasoline",1498,150,240,9.5,5.5,129,1236,155,"NO","YES","YES","YES"
"1429",30600," Diesel",1969,190,400,7.4,3.7,99,1838,89,"NO","YES","YES","YES"
"1430",34130," Diesel",1969,190,400,7.4,3.7,99,1838,89,"NO","YES","YES","YES"
"1431",34175," Diesel",1969,190,400,7.4,3.7,99,1838,89,"NO","YES","YES","YES"
"1432",34800," Diesel",1969,190,400,7.4,3.7,99,1838,89,"NO","YES","YES","YES"
"1433",46990," Gasoline",1969,306,440,6.5,9.9,231,687,705,"NO","YES","YES","YES"
"1434",49000," Gasoline",1969,306,440,6.5,9.9,231,687,705,"NO","YES","YES","YES"
"1435",50000," Gasoline",1969,306,440,6.5,9.9,231,687,705,"NO","YES","YES","YES"
"1436",51955," Diesel",1969,190,400,8.2,4.4,116,1250,114,"NO","YES","YES","YES"
"1437",55895," Diesel",1969,190,400,8.2,4.4,116,1250,114,"NO","YES","YES","YES"
"1438",57310," Diesel",1969,235,480,7,4.8,127,1250,152,"NO","YES","YES","YES"
"1439",57925," Diesel",1969,190,400,8.2,4.4,116,1250,114,"NO","YES","YES","YES"
"1440",58955," Gasoline",1969,320,400,5.9,7.2,165,833,404,"NO","YES","YES","YES"
"1441",60415," Diesel",1969,235,480,7,4.8,127,1250,152,"NO","YES","YES","YES"
"1442",62180," Gasoline",1969,320,400,5.9,7.2,165,833,404,"NO","YES","YES","YES"
"1443",62400," Diesel",1969,235,480,7,4.8,127,1250,152,"NO","YES","YES","YES"
"1444",64250," Gasoline",1969,320,400,5.9,7.2,165,833,404,"NO","YES","YES","YES"
"1445",26820," Diesel",1560,115,270,11.3,4.5,119,1511,117,"NO","YES","YES","YES"
"1446",28620," Diesel",1560,115,270,11.3,4.5,119,1511,117,"NO","YES","YES","YES"
"1447",31420," Diesel",1560,115,270,11.3,4.5,119,1511,117,"NO","YES","YES","YES"
"1448",32070," Diesel",1560,115,270,11.3,4.5,119,1511,117,"NO","YES","YES","YES"
"1449",33970," Diesel",1560,115,270,11.3,4.5,119,1511,117,"NO","YES","YES","YES"
"1450",25770," Gasoline",1595,150,240,9.7,6.7,153,1015,283,"NO","YES","YES","YES"
"1451",27320," Gasoline",1595,180,240,8.5,6.7,153,1015,283,"NO","YES","YES","YES"
"1452",27570," Gasoline",1595,150,240,9.7,6.7,153,1015,283,"NO","YES","YES","YES"
"1453",29120," Gasoline",1595,180,240,8.5,6.7,153,1015,283,"NO","YES","YES","YES"
"1454",30370," Gasoline",1595,150,240,9.7,6.7,153,1015,283,"NO","YES","YES","YES"
"1455",31020," Gasoline",1595,150,240,9.7,6.7,153,1015,283,"NO","YES","YES","YES"
"1456",31920," Gasoline",1595,180,240,8.5,6.7,153,1015,283,"NO","YES","YES","YES"
"1457",32570," Gasoline",1595,180,240,8.5,6.7,153,1015,283,"NO","YES","YES","YES"
"1458",32920," Gasoline",1595,150,240,9.7,6.7,153,1015,283,"NO","YES","YES","YES"
"1459",34470," Gasoline",1595,180,240,8.5,6.7,153,1015,283,"NO","YES","YES","YES"
"1460",30350," Diesel",1984,163,400,9.4,4.5,119,1511,117,"NO","YES","YES","YES"
"1461",32150," Diesel",1984,163,400,9.4,4.5,119,1511,117,"NO","YES","YES","YES"
"1462",34950," Diesel",1984,163,400,9.4,4.5,119,1511,117,"NO","YES","YES","YES"
"1463",35600," Diesel",1984,163,400,9.4,4.5,119,1511,117,"NO","YES","YES","YES"
"1464",37500," Diesel",1984,163,400,9.4,4.5,119,1511,117,"NO","YES","YES","YES"
"1465",35930," Gasoline",1999,240,320,7.5,8.1,189,840,525,"NO","YES","YES","YES"
"1466",37730," Gasoline",1999,240,320,7.5,8.1,189,840,525,"NO","YES","YES","YES"
"1467",40530," Gasoline",1999,240,320,7.5,8.1,189,840,525,"NO","YES","YES","YES"
"1468",41180," Gasoline",1999,240,320,7.5,8.1,189,840,525,"NO","YES","YES","YES"
"1469",43080," Gasoline",1999,240,320,7.5,8.1,189,840,525,"NO","YES","YES","YES"
"1470",48850," Gasoline",2953,304,440,6.2,10.2,237,667,723,"NO","YES","YES","YES"
"1471",51650," Gasoline",2953,304,440,6.2,10.2,237,667,723,"NO","YES","YES","YES"
"1472",52300," Gasoline",2953,304,440,6.2,10.2,237,667,723,"NO","YES","YES","YES"
"1473",54200," Gasoline",2953,304,440,6.2,10.2,237,667,723,"NO","YES","YES","YES"
"1474",30713," Gasoline",1477,156,265,9.4,6.2,144,871,266,"NO","YES","YES","YES"
"1475",51504," Hybrid-Plug-in",1477,262,425,7.3,2,46,2400,0,"NO","YES","YES","YES"
"1476",53313," Hybrid-Plug-in",1477,262,425,7.3,2,46,2400,0,"NO","YES","YES","YES"
"1477",56515," Hybrid-Plug-in",1477,262,425,7.3,2,46,2400,0,"NO","YES","YES","YES"
"1478",56932," Hybrid-Plug-in",1477,262,425,7.3,2,46,2400,0,"NO","YES","YES","YES"
"1479",35194," Diesel",1969,150,320,9.9,4.8,127,1125,152,"NO","YES","YES","YES"
"1480",36825," Gasoline",1969,190,300,8.4,6.6,154,818,285,"NO","YES","YES","YES"
"1481",40762," Diesel",1969,150,320,10.4,5.4,141,1000,261,"NO","YES","YES","YES"
"1482",42725," Gasoline",1969,190,300,8.5,6.9,161,783,394,"NO","YES","YES","YES"
"1483",49511," Diesel",1969,190,400,7.9,5,131,1080,157,"NO","YES","YES","YES"
"1484",50342," Gasoline",1969,247,350,6.5,7.1,164,761,402,"NO","YES","YES","YES"
"1485",53491," Diesel",1969,190,400,7.9,5,131,1080,157,"NO","YES","YES","YES"
"1486",54482," Gasoline",1969,247,350,6.5,7.1,164,761,402,"NO","YES","YES","YES"
"1487",53490," Diesel",1969,190,400,7.9,5.2,136,1365,163,"NO","YES","YES","YES"
"1488",53490," Gasoline",1969,254,350,6.8,7.3,167,973,409,"NO","YES","YES","YES"
"1489",55975," Gasoline",1969,320,400,5.9,7.7,176,922,431,"NO","YES","YES","YES"
"1490",56030," Diesel",1969,235,480,7.2,5.5,144,1291,266,"NO","YES","YES","YES"
"1491",57155," Diesel",1969,190,400,7.9,5.2,136,1365,163,"NO","YES","YES","YES"
"1492",57300," Gasoline",1969,254,350,6.8,7.3,167,973,409,"NO","YES","YES","YES"
"1493",59225," Diesel",1969,190,400,7.9,5.2,136,1365,163,"NO","YES","YES","YES"
"1494",59450," Gasoline",1969,254,350,6.8,7.3,167,973,409,"NO","YES","YES","YES"
"1495",59765," Diesel",1969,235,480,7.2,5.5,144,1291,266,"NO","YES","YES","YES"
"1496",59780," Gasoline",1969,320,400,5.9,7.7,176,922,431,"NO","YES","YES","YES"
"1497",61875," Diesel",1969,235,480,7.2,5.5,144,1291,266,"NO","YES","YES","YES"
"1498",61935," Gasoline",1969,320,400,5.9,7.7,176,922,431,"NO","YES","YES","YES"
"1499",62780," Hybrid-Plug-in",1969,320,400,5.3,2.1,49,3381,0,"NO","YES","YES","YES"
"1500",65565," Hybrid-Plug-in",1969,320,400,5.3,2.1,49,3381,0,"NO","YES","YES","YES"
"1501",67375," Hybrid-Plug-in",1969,320,400,5.3,2.1,49,3381,0,"NO","YES","YES","YES"
"1502",69970," Diesel",1969,190,400,9.2,5.2,136,1365,163,"NO","YES","YES","YES"
"1503",74780," Gasoline",1969,320,400,6.5,7.7,179,922,439,"NO","YES","YES","YES"
"1504",75355," Diesel",1969,235,480,7.8,5.4,149,1315,276,"NO","YES","YES","YES"
"1505",91830," Hybrid-Plug-in",1969,400,640,5.9,2.5,49,2840,0,"NO","YES","YES","YES"
